Time [ps],Kinetic Temperature [kJ/mol],Pressure
372700.001,0.9979729255988803,0.00100691950859305
372700.00200000004,0.9982519813128024,0.000985078065219528
372700.003,0.9988183789232767,0.0010054628359450607
372700.004,1.0033247441482156,0.0009838496861025716
372700.005,0.9966518931699582,0.0009867160797355449
372700.006,1.0010135591070275,0.0010167661120153064
372700.00700000004,1.0048627076180114,0.0010509252447116768
372700.00800000003,1.0008953582216464,0.0010155033972403368
372700.009,0.9998191388057259,0.001018022037887961
372700.01,1.0068936264314259,0.0010498256801632546
372700.011,1.0013917279417244,0.001012750014233589
372700.01200000005,1.0015456320180975,0.0009621095089369168
372700.01300000004,0.9988086133064673,0.0009703129307206793
372700.014,0.9964406466805051,0.0009554695423255877
372700.015,1.0011198258615963,0.0010156994690313855
372700.016,1.0052905376465087,0.0010141045359788443
372700.017,1.0082921655582102,0.0010015630582373824
372700.01800000004,1.00345349967389,0.0009943184383280582
372700.01900000003,0.9980796022273316,0.0009468754902782506
372700.02,1.0022793757205657,0.0009470434784809833
372700.021,1.0045718905700791,0.0010138516716874696
372700.022,0.9998194872363606,0.0009570634825253415
372700.02300000004,0.9987217358712441,0.00097334261391438
372700.02400000003,0.9954224407132787,0.0009408353994210479
372700.025,1.0011925613694035,0.0009634360479775392
372700.026,1.0034373490700284,0.0010001667916375476
372700.027,1.0061621032315406,0.0010005649969721364
372700.028,0.9893802113466236,0.0009324564718180095
372700.02900000004,1.000077185792188,0.0009799780750797467
372700.03,0.9969637032356791,0.0009687717031893251
372700.031,1.0033641807560891,0.0009785259343553163
372700.032,1.0069162186726712,0.0009771918952166643
372700.033,1.002306974280383,0.0009490798724630246
372700.03400000004,0.9955874269106003,0.0009617257508077016
372700.03500000003,1.000152980082937,0.0009693361425033868
372700.036,0.9976609947692471,0.0009652703202063798
372700.037,1.002313549090965,0.0009633075769704721
372700.038,1.000726021394721,0.00098464307791644
372700.039,1.0073398748049993,0.0010245315186318486
372700.04000000004,1.0018952036533066,0.001004605120595506
372700.041,0.9959322540046416,0.001001039592484464
372700.042,0.9977255956069985,0.000976351861260845
372700.043,0.999190880024203,0.0009423874401453353
372700.044,0.9989250829674653,0.000955036993003756
372700.04500000004,0.9970246077900249,0.0009507374598997632
372700.04600000003,0.9992658030564495,0.0009269154458219015
372700.047,0.9997135290945307,0.0008955421828724451
372700.048,0.9973584157743787,0.000893526433911704
372700.049,1.0049008078495094,0.0009458219530170939
372700.05000000005,1.0072089132162652,0.000996093823126472
372700.05100000004,0.9993681886865001,0.0009257138785557519
372700.052,1.0019901416670027,0.0009870626313848824
372700.053,1.0056975944637896,0.0010057656716525394
372700.054,1.000131303149675,0.0010240610148527693
372700.055,0.9972212159526509,0.0009887293491201057
372700.05600000004,1.007368954828653,0.0010043871971908232
372700.05700000003,0.998404813732549,0.0010410212746526785
372700.058,1.0017419189252559,0.0010533343803399901
372700.059,0.9997021013519444,0.0009992298090254767
372700.06,1.007498727584085,0.001045030283221288
372700.06100000005,1.0027277980257705,0.001049954884429808
372700.06200000003,0.9984791073728834,0.001024139403762417
372700.063,0.9951361727606336,0.0010149011489218054
372700.064,1.0058769311732538,0.001034759003588923
372700.065,1.0016300414818857,0.001010444831766717
372700.066,1.0048408436150977,0.0010192667804542611
372700.06700000004,1.004895255636525,0.0010361664087231647
372700.068,1.0018513948648864,0.0010124667866956568
372700.069,0.9988133496847015,0.0010060758717986805
372700.07,1.0045118121821885,0.0010118424541297418
372700.071,1.008699813306578,0.0010208125067902676
372700.07200000004,0.9994518637724498,0.0010381928818620839
372700.07300000003,0.9945909503082985,0.0009989583723564043
372700.074,0.998245491042331,0.0009794293290481817
372700.075,0.9969655646080579,0.0010427101388846987
372700.076,1.0003565498355476,0.0010545129917848809
372700.077,0.9949619427281237,0.001053191867402272
372700.07800000004,1.0016494859751446,0.0009731285880766696
372700.079,0.9994535148492438,0.0009459104067532976
372700.08,0.9976653520951233,0.000963704971583744
372700.081,1.0046096519285386,0.0009507366651283724
372700.082,0.9979454044448453,0.0009659362930720849
372700.08300000004,0.999789007004404,0.0010174813589568718
372700.08400000003,0.9997404680113549,0.0009627688655625753
372700.085,1.0026027398323023,0.000981402231946386
372700.086,1.0038139815083176,0.000994514502855629
372700.087,0.995785484215734,0.0009413787832901236
372700.088,0.9938254649118883,0.0009616008884815049
372700.08900000004,0.9988074357758379,0.0009510782921363755
372700.09,1.0029467417549152,0.0009535919927511872
372700.091,0.9936007388247446,0.000977958156654579
372700.092,1.0074039475523298,0.0010393453802231356
372700.093,0.9990184652044767,0.001014400089578027
372700.09400000004,0.9966903912261548,0.0009661879189452317
372700.09500000003,0.9978703278840576,0.0010114024513264547
372700.096,0.9990528394999558,0.001011135229352669
372700.097,0.9960232865425305,0.0010267341292359863
372700.098,1.0059180302926376,0.001052147264381106
372700.09900000005,0.9987391361668784,0.0010642499836957292
372700.10000000003,1.0013172574518638,0.0009937928446939637
372700.2,0.9985688463574869,0.0009826930060618047
372700.30000000005,0.9985674816306307,0.0010599670774926666
372700.4,0.9988782331529871,0.0009460428225251142
372700.5,1.007169043419959,0.0009597689641753927
372700.60000000003,1.0027716042994226,0.0010586824615594144
372700.7,0.9991091135691725,0.000994097496178684
372700.80000000005,0.9973178021899768,0.0010652222677993508
372700.9,0.9963354621021225,0.0009389707761357403
372701.0,1.0092368863875951,0.0010076807981105444
372701.10000000003,0.9977949344767794,0.000921676216814682
372701.2,1.002200004919944,0.0009517711023281857
372701.30000000005,0.9991064269056406,0.0009890731889014015
372701.4,1.0039977969736447,0.0009922065861694088
372701.5,1.0062407512406901,0.0010293025313509612
372701.60000000003,0.9999178302878405,0.0009366374460089836
372701.7,1.0006933890435872,0.0009899608094771977
372701.80000000005,1.0044971463391934,0.0010355211798396353
372701.9,0.9975395910148891,0.0009757500981974007
372702.0,1.0018393260075904,0.0010738195880743845
372702.10000000003,0.9935540934299397,0.0010177440268072122
372702.2,1.0053144782973567,0.0008950760716740819
372702.30000000005,1.002985273289457,0.0009803042640620756
372702.4,1.0011193826152054,0.0009832442941622606
372702.5,1.0039462408013957,0.0009987780692260317
372702.60000000003,0.9981897940819755,0.0009239205436424722
372702.7,1.00092778710446,0.0010028622615476665
372702.80000000005,1.0039020515788126,0.0009971586584644994
372702.9,1.006192465192253,0.0009723018360848442
372703.0,0.9932146055368463,0.000935798346653269
372703.10000000003,0.9966218009079697,0.000952233944936892
372703.2,0.9971147822322551,0.0009456758242241611
372703.30000000005,0.999861951535748,0.0009698995767426092
372703.4,0.9973467603848155,0.0009067425467628352
372703.5,0.9964936048533328,0.0009020527742536665
372703.60000000003,1.0003312722772413,0.0008979559144612936
372703.7,0.9973079881530189,0.0009966731057672496
372703.80000000005,1.0006128576318003,0.00096018273765083
372703.9,0.9972733034726353,0.000889464871935257
372704.0,0.9954772509919826,0.0008915826788662561
372704.10000000003,0.9927208637248713,0.0010534802182502378
372704.2,0.999691510377916,0.001060516666006548
372704.30000000005,1.0021715415048578,0.0010491853043872962
372704.4,1.001094310918341,0.0009322533950136462
372704.5,0.9987205080142405,0.0009077649453158032
372704.60000000003,1.0011688691895055,0.0010056628014951192
372704.7,1.0047803474046546,0.0010607974173288714
372704.80000000005,1.000064355345336,0.0008938778837598012
372704.9,0.9967983560757607,0.0009728806320037989
372705.0,0.99903490642223,0.0008900741202657079
372705.10000000003,1.006041982090846,0.0009619925312970666
372705.2,1.0014288560348312,0.001014229963850536
372705.30000000005,0.9992620497771777,0.0009565105412764155
372705.4,0.9929689361469602,0.0010103937927718899
372705.5,0.9975679218327664,0.0008854460273227024
372705.60000000003,0.9946661466359431,0.000924860574383418
372705.7,1.0001295652589575,0.0009452724680960432
372705.80000000005,0.9954648067246283,0.0010376296425813035
372705.9,1.001252803008879,0.0009437077134568242
372706.0,1.0057992083949985,0.0009816281355241555
372706.10000000003,0.9895883118275636,0.0009165121231639936
372706.2,1.0015333642498028,0.0009097327057086263
372706.30000000005,1.0004029594174397,0.0009396923494485937
372706.4,1.0032070966723377,0.0009313482861296672
372706.5,1.0011162745330942,0.0010699899838867504
372706.60000000003,0.9972350957558875,0.00095386326359659
372706.7,1.0009623114697654,0.0009608173322736206
372706.80000000005,1.0006123212917406,0.0009925507184063694
372706.9,0.9938597941277164,0.0008790558944440325
372707.0,1.0003036839984474,0.0009078706081402529
372707.10000000003,1.0052882265793723,0.0009461137854426218
372707.2,1.0022366228964217,0.0009705179627190743
372707.30000000005,1.0008240191421056,0.000998192337076628
372707.4,0.9988382133461761,0.0009592169206363841
372707.5,0.9939096926121488,0.0009144970625096251
372707.60000000003,1.0083141336990893,0.0008899887683865315
372707.7,1.0062515535890146,0.0008820561507836995
372707.80000000005,0.9995926492726881,0.0008856917442979594
372707.9,0.9929762886595251,0.001051648403589519
372708.0,1.0029872888698992,0.0009781024820082992
372708.10000000003,1.0000066325597967,0.0009767922706763823
372708.2,1.005081885122847,0.0009684771117426645
372708.30000000005,1.000528256224502,0.0009461360494236807
372708.4,0.9954992351703306,0.0010064995779129485
372708.5,0.9978519332151561,0.0009791590911378883
372708.60000000003,0.9993479015759249,0.0009422335760965365
372708.7,1.0044195036795909,0.001048896631978554
372708.80000000005,0.9974755656513701,0.0009332770418326924
372708.9,1.0029588762816968,0.001033191570798918
372709.0,0.99791329870705,0.000979174620635639
372709.10000000003,1.0098843279241643,0.0010651811142465184
372709.2,0.9956586660765858,0.0009372969567399808
372709.30000000005,0.9981655083517327,0.0010265921443694855
372709.4,0.9983756575395168,0.0010526398115797916
372709.5,0.9993213524525809,0.0009770954606838026
372709.60000000003,1.001564913798501,0.000968250474075768
372709.7,0.9970683214875244,0.001001753887307908
372709.80000000005,1.0085982957210646,0.0009626757948897511
372709.9,1.0021848402739744,0.0009524721249904837
372710.0,0.9966427084776803,0.0010241246180511053
372710.10000000003,1.0038367252279263,0.000919982460160197
372710.2,0.9975781771194209,0.0009662266278991015
372710.30000000005,1.001755853144804,0.000992706024784941
372710.4,0.9941397257029482,0.001010349008121999
372710.5,0.991554625105121,0.0009965090484546034
372710.60000000003,1.0026928343592014,0.0009765148864886413
372710.7,0.998853477301584,0.0010100935726116054
372710.80000000005,1.0014491809614678,0.0011415030121785805
372710.9,1.0032545400006696,0.0010183676306497718
372711.0,0.9980183481369567,0.0009309788528157993
372711.10000000003,1.0018184978087492,0.0009705869098943575
372711.2,1.001779307169665,0.0009258228235781453
372711.30000000005,1.005114964398082,0.0009291847580093555
372711.4,1.0049325254844232,0.0010046596987187378
372711.5,1.000369779642364,0.0010898886837999637
372711.60000000003,0.9967995106151829,0.0010840288317813711
372711.7,1.0006888078830714,0.0010505603494609214
372711.80000000005,1.0004615315640126,0.0011311465128827124
372711.9,0.9973720944560254,0.0010524843724742487
372712.0,1.0032723738691747,0.0011339478647191125
372712.10000000003,1.0026182837470299,0.0010469355272278331
372712.2,0.9974583714801587,0.0010355331970831278
372712.30000000005,1.0021489336643246,0.0010875051200207842
372712.4,0.9951589727227887,0.0011060439982937874
372712.5,0.995108225311586,0.0011602901762375367
372712.60000000003,1.0048462925340427,0.0011128184804120006
372712.7,0.9937612278664731,0.0010580842054179372
372712.80000000005,1.0040301678578298,0.0010981215009412664
372712.9,1.0048257405506105,0.001026474458824062
372713.0,0.9982317721908746,0.001060583379318044
372713.10000000003,0.9936799429613336,0.0010743080986931437
372713.2,1.0004234222061381,0.0010644172113905745
372713.30000000005,1.0016366443460556,0.001024134362214748
372713.4,0.9994313974613975,0.0010190765189919027
372713.5,0.9963044392454661,0.0009661971893505618
372713.60000000003,1.0018058106810637,0.0009292773514423377
372713.7,1.0050677639617895,0.0010236983525442908
372713.80000000005,1.0024543474699368,0.0009952201898207555
372713.9,0.9986295248587554,0.0010364593696271665
372714.0,0.9968849872178848,0.0010820094947249657
372714.10000000003,1.0014242365918573,0.0010563595488124644
372714.2,1.0088308928135286,0.0010436902548267976
372714.30000000005,0.9976648721084096,0.00109989615603512
372714.4,0.9931155802197345,0.0009102180622193998
372714.5,0.9972968830394865,0.0010424195847149806
372714.60000000003,1.0075796738740073,0.0009381535910629261
372714.7,1.0022330193739102,0.0009423831764734217
372714.80000000005,0.998246843742751,0.0010547481873531236
372714.9,0.9994581515868408,0.00102044943456132
372715.0,0.9948262146939396,0.0009189536708293067
372715.10000000003,0.9982045177766601,0.001022207941783923
372715.2,0.9994021014689127,0.001058621233495546
372715.30000000005,1.0021677001169886,0.0010197676652909482
372715.4,0.9995677407969665,0.0009927807681301914
372715.5,0.9973979621930645,0.0010050755249784201
372715.60000000003,1.0074423595441533,0.001064093119814921
372715.7,1.0005723114692815,0.0009963174673283278
372715.80000000005,1.0009543874600548,0.0010299162374746845
372715.9,0.996731220805133,0.0009510273125318646
372716.0,1.0077514304837685,0.0009297645637570672
372716.10000000003,0.9964025154936939,0.0009055015627054187
372716.2,0.9945773666137108,0.0010047096905538501
372716.30000000005,1.000774380888778,0.0009050676161777117
372716.4,1.0013935419008624,0.0008949098505414182
372716.5,0.9955588835210719,0.0009935751458886885
372716.60000000003,0.9971901385336399,0.0009624434419960662
372716.7,0.9952118785081763,0.0009954701511698902
372716.80000000005,0.9997565107035528,0.001022091706326026
372716.9,1.0016211013965108,0.0010143183026814337
372717.0,1.0039358039189323,0.001110482745561833
372717.10000000003,0.9958456791057673,0.0009572495463212126
372717.2,1.001695618863421,0.0010879126754022518
372717.30000000005,1.0050317289666955,0.0010850812889760266
372717.4,0.9987974678595355,0.0010258732795952006
372717.5,0.9985309286403851,0.0009851115715279145
372717.60000000003,0.995540321852574,0.0009209511846223911
372717.7,0.996572608026533,0.0010330891247449924
372717.80000000005,0.9951577438705519,0.0010279784242962027
372717.9,0.9980065738742366,0.0009154900657273576
372718.0,0.9974428900248471,0.0009715845603439146
372718.10000000003,1.0037683533102693,0.0009687313538356483
372718.2,1.000556838943713,0.0009184011213591574
372718.30000000005,1.0019425979457532,0.000946210481192703
372718.4,1.0016415562582697,0.0009893724510644578
372718.5,0.9957436916765043,0.0009083812147329386
372718.60000000003,0.9997692502251795,0.0010918649737338842
372718.7,0.9938331726037146,0.001010996030754914
372718.80000000005,1.005835456051028,0.0010460250448678
372718.9,1.0028000562657784,0.0009925367573433853
372719.0,0.9868821418124702,0.0008660732903152541
372719.10000000003,1.0052041803605056,0.0009535221871939553
372719.2,0.9972600798856464,0.0008392859096486258
372719.30000000005,1.0030781732040712,0.0009533990557799115
372719.4,0.9992134396891228,0.001053208869236418
372719.5,1.0036307524276336,0.0009248608554098546
372719.60000000003,1.0041906493928523,0.0008716847109415379
372719.7,1.0001306395926965,0.0008854087714940988
372719.80000000005,0.9980511632215482,0.0010102202471927088
372719.9,0.9990730271800154,0.0010234815016176401
372720.0,0.9998804755425058,0.001010223053681454
372720.10000000003,0.9984546976577463,0.0009437698467383246
372720.2,0.995592256830929,0.0009661757527407041
372720.30000000005,1.0011561740513473,0.0010449537691045406
372720.4,0.9975708740087075,0.0008131777163633448
372720.5,0.9971581723387785,0.0009185289187095967
372720.60000000003,1.0077355154639998,0.0009008347957768351
372720.7,0.9974998064469672,0.00090328164018524
372720.80000000005,1.0049945576384707,0.0009459523660545934
372720.9,0.9916962571474731,0.0009350537506370376
372721.0,0.9953384923530897,0.0010083518287260346
372721.10000000003,1.002811230678943,0.0009714882422788416
372721.2,0.9991427393700453,0.0009247095944652327
372721.30000000005,1.0030059748248168,0.0007618689319633311
372721.4,0.9987055587589198,0.0009527604602613527
372721.5,0.995053894516688,0.0009630066049522146
372721.60000000003,1.0030780829813082,0.0010452945029450387
372721.7,1.0010669278979645,0.0010152760697393769
372721.80000000005,0.9945409344164278,0.0010791417338373683
372721.9,1.0006264728398573,0.001097655549163819
372722.0,1.0033212791268957,0.0010986354435170759
372722.10000000003,0.9962046842396798,0.001126054430917451
372722.2,0.9961687950815126,0.0011128868538108042
372722.30000000005,0.9955189975754167,0.0010107825399127978
372722.4,1.002198898464143,0.0010379421500916488
372722.5,1.0003065831571443,0.0009827739959909563
372722.60000000003,1.0036607129652106,0.00098079110482772
372722.7,0.9951328817546189,0.0009791381885371887
372722.80000000005,0.9974968265643855,0.0010366701817562394
372722.9,0.9978925048588841,0.0009683288853260132
372723.0,0.9921707425067883,0.0009719777453847913
372723.10000000003,1.0005239065511282,0.0008870114190793519
372723.2,0.9954929979912592,0.0009634943469238052
372723.30000000005,1.006828926097824,0.0010650549615613353
372723.4,0.9928521395528499,0.001006328101596614
372723.5,1.0029156451240642,0.0009432555672917476
372723.60000000003,1.0028549270550156,0.0009349997206839755
372723.7,1.0011695228466224,0.0010198043971884187
372723.80000000005,0.9970742266664275,0.0010222385806560321
372723.9,1.0017696262479359,0.0009191944267082127
372724.0,1.001559431735096,0.000988122291293833
372724.10000000003,1.0026467932499439,0.000987493130969977
372724.2,0.9976936167735909,0.0009165729635486899
372724.30000000005,0.9958638333041865,0.0009389682210360967
372724.4,1.0035763203980497,0.0009996895972171102
372724.5,0.9959285108354964,0.0010449463874830762
372724.60000000003,1.0037477188134527,0.0010578086473862188
372724.7,0.9926855340093984,0.0010255559935160067
372724.80000000005,0.9977811104888835,0.0010370646559078357
372724.9,0.9981982092834784,0.001059312698200595
372725.0,1.0050481968948901,0.0010850880823331374
372725.10000000003,1.0069614258150679,0.0011291988014821325
372725.2,1.0009674884054298,0.0009808458409581858
372725.30000000005,0.9954295931087807,0.001061378158468165
372725.4,0.9990520254835501,0.0011082961087893193
372725.5,0.9997439716522465,0.0010146025366390427
372725.60000000003,1.0057114757569672,0.0009387258316154405
372725.7,1.0023190978345469,0.0009628201061831024
372725.80000000005,0.9951876514082532,0.0010027284162583102
372725.9,1.0007121811126345,0.0009837759198046397
372726.0,0.9992322779066591,0.0010711685652587087
372726.10000000003,1.005367131952941,0.0010535645841628716
372726.2,1.0103309747224882,0.0009817635899901972
372726.30000000005,1.0004100392094852,0.0010054089631826267
372726.4,0.9971522983295729,0.0009619284910075435
372726.5,1.0049727597355345,0.0010597425212735974
372726.60000000003,0.9945732653635303,0.0009730340031936122
372726.7,0.9947431499122283,0.0009444584477974583
372726.80000000005,1.0077830135395136,0.0008978037112887775
372726.9,0.9933494891784554,0.001021655814904418
372727.0,1.0045205798408605,0.000969764496960926
372727.10000000003,1.002895398688323,0.0009933127142168054
372727.2,0.9949376155822469,0.0008456597648778092
372727.30000000005,1.0046950558628913,0.000950377248563226
372727.4,0.9933541765280866,0.0009537370513040844
372727.5,0.9979101843672457,0.0009549476980941393
372727.60000000003,0.9944866109943397,0.0008805510680670481
372727.7,1.0004619637956902,0.0009095646138237433
372727.80000000005,0.9941017347854052,0.001016853765717756
372727.9,0.9980063267366381,0.001004620790382485
372728.0,1.001729096169223,0.0008972532804015206
372728.10000000003,0.99873695584207,0.0009044987112992925
372728.2,1.0007990708099013,0.0008926922795502515
372728.30000000005,1.0013836239616707,0.0008373273260743834
372728.4,1.002138522951729,0.0008023581951830974
372728.5,0.9989715728294328,0.0008132330466659155
372728.60000000003,0.9974606285851855,0.0008986370196110864
372728.7,1.001502322719798,0.0010267670321862778
372728.80000000005,1.0018573287518373,0.0009676497816520518
372728.9,1.0047198857240038,0.0010233308813400838
372729.0,1.0056945061946765,0.0010219485647736258
372729.10000000003,0.9924546070542687,0.0009007962828613429
372729.2,1.0034927952160326,0.0009662950522320406
372729.30000000005,1.0037623809059084,0.0009565428816865687
372729.4,0.9955142809351651,0.0009026929349768744
372729.5,1.0001919780328339,0.0009443582893627914
372729.60000000003,0.995944667620619,0.0009563148514177448
372729.7,1.0062540061876006,0.0009820941103309592
372729.80000000005,0.9962253467853328,0.0009014137059269849
372729.9,0.9949940180314186,0.0008437588257931317
372730.0,0.9973468009222496,0.0009565085674668728
372730.10000000003,0.9996473216931577,0.0009347638594318705
372730.2,0.9967906455155031,0.0009267377087784001
372730.30000000005,0.9953417128737369,0.0009739711565562002
372730.4,0.9964712287107189,0.0009748392871453206
372730.5,1.0013784984512841,0.0008563349285290481
372730.60000000003,0.9979189012747689,0.001037325649205815
372730.7,0.9996047146051872,0.001063449306598543
372730.80000000005,1.0029307306341748,0.0011247842670647744
372730.9,0.999910968093054,0.00101915838837018
372731.0,1.001056728545312,0.0009242780556183597
372731.10000000003,0.9925087267538724,0.0009877674586737867
372731.2,1.0043034236615438,0.0009161175695031953
372731.30000000005,1.001546268267101,0.0008402906911842842
372731.4,0.993813541145092,0.0008972790468884671
372731.5,1.007183221994894,0.0010375540923371696
372731.60000000003,1.0025593408776698,0.0009574369261954341
372731.7,1.0086541398086184,0.0010603346935304566
372731.80000000005,0.9982728812865659,0.0010607725218530395
372731.9,1.0006320715827866,0.001052531203557049
372732.0,0.9996558821110992,0.0010561951766972948
372732.10000000003,0.9968562313351362,0.00098942521495978
372732.2,0.9977420494719295,0.0009733062395985554
372732.30000000005,0.9976860289786286,0.0010449419801775131
372732.4,1.0011355345667092,0.001110098712064203
372732.5,1.005448740671611,0.0009911711401926215
372732.60000000003,0.998864762594454,0.0010229633582731846
372732.7,0.9968489403960503,0.0010167444128300687
372732.80000000005,1.0107215573343997,0.0010858723921680575
372732.9,1.0051234546180852,0.001075242305493049
372733.0,1.0030568755016045,0.0010344705478307925
372733.10000000003,1.0020049968500322,0.0010361551190890704
372733.2,0.9980344108303749,0.0009601442570853845
372733.30000000005,1.006058986953229,0.001030880941541263
372733.4,0.996960013704131,0.0010576753798824381
372733.5,1.0115132941827827,0.0010985140346271864
372733.60000000003,1.0047713893825638,0.001073834919460183
372733.7,0.9927153603030174,0.0010284907152948775
372733.80000000005,0.994359437988938,0.0009836663226974447
372733.9,0.9976790263393294,0.000957410849303698
372734.0,0.9983114531031245,0.0010800501489897612
372734.10000000003,0.9984733049891379,0.0010896663666530454
372734.2,0.9984781334206226,0.0010518671115141783
372734.30000000005,0.9944979646015348,0.0010946976743288414
372734.4,0.997661885452833,0.0010362289987943367
372734.5,0.9996548787855405,0.001077203003138138
372734.60000000003,1.0008797037151937,0.0009790891626129622
372734.7,1.0002085820591085,0.0009833088630865723
372734.80000000005,1.0016051437039664,0.0010534688916206574
372734.9,0.9985143822423115,0.0009169824465893836
372735.0,1.0064066007263,0.0009978890486077488
372735.10000000003,0.9985174314901252,0.0009841551261091117
372735.2,0.997085294497579,0.0011121879309700191
372735.30000000005,1.0060615574702314,0.0010119466042716146
372735.4,1.0003675687030018,0.00098056650455177
372735.5,1.0022574020804473,0.0009594611078596558
372735.60000000003,0.9994592401410234,0.001010592388753066
372735.7,0.9977896242048596,0.000971204981095186
372735.80000000005,0.9934096532327039,0.0010569415385402584
372735.9,0.9974918137530594,0.001042243789456196
372736.0,0.9941965946243633,0.0009724990540959166
372736.10000000003,1.0043627737747032,0.0010171835204935246
372736.2,0.9969211554819046,0.001049760606921159
372736.30000000005,0.9994138585796618,0.001022427446586143
372736.4,0.996133469260917,0.0009999215226935724
372736.5,0.9964574715838681,0.0010799333438150157
372736.60000000003,1.0037666978059248,0.0009903361455697143
372736.7,0.9997504659485229,0.001031666286067763
372736.80000000005,0.9999599215069248,0.0009322162482679607
372736.9,1.0029492235692992,0.0009844567337419438
372737.0,0.9951461807294332,0.0009600154940806871
372737.10000000003,1.0069351347961337,0.0010387519791311094
372737.2,0.9981998861745756,0.0009990864498477998
372737.30000000005,0.9933373737592051,0.001051764821177046
372737.4,0.9987324442056623,0.0009916760694150075
372737.5,1.0055710744505686,0.0010399427225922966
372737.60000000003,1.000109263230116,0.0010143917369576179
372737.7,0.9997701605981582,0.0009478009127680954
372737.80000000005,1.0005923716212433,0.0008644857995272002
372737.9,0.9945349351494303,0.0010365630447657095
372738.0,0.9992274367591164,0.0009533894142430478
372738.10000000003,1.0006401349502945,0.0008414725583467011
372738.2,1.0048273647086303,0.0009989259110971772
372738.30000000005,0.9969693449373487,0.0010059369431782712
372738.4,1.0060494671354454,0.0009352324439537339
372738.5,1.0018826737200601,0.000941435316339107
372738.60000000003,1.0020724738513735,0.000891892802194716
372738.7,1.0023546709716613,0.0009228775889428985
372738.80000000005,1.0023603387998576,0.000963692441298627
372738.9,0.9965742488476649,0.0009623330302270195
372739.0,0.9977636814238784,0.001002498152712425
372739.10000000003,0.9974016583236953,0.0010132108248796152
372739.2,1.0024125060283444,0.0009386596248231692
372739.30000000005,0.9998732147981061,0.0008904023510791614
372739.4,1.002164019855667,0.0009033800910761626
372739.5,1.000046030433652,0.0009704608492079184
372739.60000000003,1.0005209322247042,0.0008925318191157039
372739.7,1.0030278104483916,0.0009736647223142643
372739.80000000005,0.9956466659255615,0.001026189504172753
372739.9,0.9949689282968273,0.0009445745970117493
372740.0,1.0011584793321,0.0010219464314339748
372740.10000000003,1.0014839000012845,0.0009451126903016388
372740.2,1.0066102618937605,0.0009425256910362971
372740.30000000005,1.0046056534314225,0.0009920916343702738
372740.4,1.0056287554694392,0.0009683029972598466
372740.5,1.0007758756539193,0.0009998516064324203
372740.60000000003,0.9960415503091347,0.0009213887642458806
372740.7,1.0008586154735941,0.0009968829815418631
372740.80000000005,1.0012209227274567,0.000916493243851971
372740.9,1.0006351294879903,0.0009615284783972565
372741.0,1.0040098449716595,0.00100984014872315
372741.10000000003,1.0005093663993259,0.0009546317273760431
372741.2,1.003541724333409,0.000941054012315058
372741.30000000005,1.0018054206542675,0.000892173762277369
372741.4,0.9986851917304375,0.0009650778074805088
372741.5,1.0033478395229438,0.0011030262334535438
372741.60000000003,1.0028940985198334,0.0010619893679491654
372741.7,1.0028526823609842,0.0011031409866656947
372741.80000000005,0.9997870867856447,0.000944501176290178
372741.9,0.9989772954157309,0.000992148762421163
372742.0,0.9968770228200858,0.0010426086887999157
372742.10000000003,0.9992404464548188,0.00115665192998529
372742.2,1.0038560389128097,0.000966581035358999
372742.30000000005,1.0022597463248852,0.0010616660779903398
372742.4,0.9944754941452311,0.0010215073812397698
372742.5,1.0027887587796112,0.0010334769679283082
372742.60000000003,1.0049101291915714,0.0009456793769379242
372742.7,1.000931178316342,0.0010107453442897857
372742.80000000005,0.9974069644223154,0.0009429725539756919
372742.9,1.0066225570987555,0.0009156734726826164
372743.0,1.0008648134047973,0.0009183032608233908
372743.10000000003,1.0005990725392937,0.0009113935444579886
372743.2,0.9926142398504156,0.0009310616242384335
372743.30000000005,0.9970948823932404,0.0008799611973457278
372743.4,1.0025691401203145,0.0008984983488417864
372743.5,0.9943650689204617,0.0008738192425018043
372743.60000000003,0.9997957228873903,0.000863521558313071
372743.7,0.9989840017175232,0.0008931656644710699
372743.80000000005,1.0021255824787256,0.0009307285317354951
372743.9,0.997232949738253,0.0009700079203921158
372744.0,0.9951663243884684,0.0010303496418309253
372744.10000000003,1.002185756523615,0.0010055096365773598
372744.2,1.0026428541326997,0.0009033256327400632
372744.30000000005,0.9967166086875422,0.0009621761785205649
372744.4,1.0068063591555498,0.001016452050517218
372744.5,1.002817356794621,0.000935853996855294
372744.60000000003,1.0026909158923754,0.000981721924038412
372744.7,0.996190233914908,0.0010462293600196737
372744.80000000005,0.9988377535005084,0.0010605734510412716
372744.9,1.000176376973597,0.0010195596928963169
372745.0,1.0013881354526477,0.0009892968927428278
372745.10000000003,1.0013323282866273,0.0010006925956787143
372745.2,1.0029542089640946,0.0010128742834298007
372745.30000000005,1.0002409577859648,0.0009837901916065672
372745.4,1.0012349169444117,0.0009474584688753546
372745.5,1.0043134892864587,0.0010096481677375371
372745.60000000003,0.9978425753386101,0.0009608846781457631
372745.7,0.9991968553117547,0.0009232131488905594
372745.80000000005,0.9977806511068497,0.0010099203826319308
372745.9,0.9980269996391512,0.0010083401375422286
372746.0,1.0013500858024804,0.000983007911141033
372746.10000000003,0.9996435693279685,0.0008951445983297227
372746.2,0.9967056158658005,0.0009858760996011115
372746.30000000005,1.0027964228348396,0.0010421067041438113
372746.4,0.9948558296812362,0.001022955393358406
372746.5,1.0056507294349077,0.0008929234909422204
372746.60000000003,1.0041640688222566,0.0009470386421122449
372746.7,0.9978075348306359,0.0009482126137030124
372746.80000000005,1.0014123009620413,0.0009503855720827809
372746.9,0.9928009843496702,0.0010373889840461612
372747.0,0.9954462122277131,0.0008700332401962923
372747.10000000003,1.0026696055371573,0.0009536506222786015
372747.2,0.9964191702746952,0.000923392509767576
372747.30000000005,1.0046292496248,0.0009422677481744148
372747.4,1.005237060835813,0.0009515509951566233
372747.5,1.0003011097642374,0.000976660806072859
372747.60000000003,0.9945077155376774,0.0009627253445948056
372747.7,1.0008729313964564,0.0009297840851598332
372747.80000000005,1.001319524303476,0.0009703512660840289
372747.9,1.0027111244505604,0.0010668434630631163
372748.0,0.9991661754180299,0.0009652325657876717
372748.10000000003,1.0032559901383686,0.0010822581564615432
372748.2,1.0047835763633177,0.0010817561556733584
372748.30000000005,1.0040355623003658,0.0010596471511203807
372748.4,0.9965904399121707,0.0010777286131778048
372748.5,0.9953745414129869,0.0010311756398097738
372748.60000000003,0.9948629454583803,0.0010540622966576476
372748.7,0.9975168941800514,0.001042013318006615
372748.80000000005,1.0020392090990942,0.0009864270436119285
372748.9,1.0008513652081292,0.0009962121106399456
372749.0,1.0010597538168857,0.0010650520019744789
372749.10000000003,1.0002173600832849,0.0009488468440548484
372749.2,0.9994260565699834,0.0009817730723747453
372749.30000000005,1.0001321355637691,0.000964434895689308
372749.4,1.00171675043421,0.0008705790286183055
372749.5,1.0000368371050437,0.0010103392627914124
372749.60000000003,0.9993116761079783,0.0009203750774813737
372749.7,0.9985077036274037,0.0010322399467462488
372749.80000000005,1.0007509187605346,0.0009668881651832471
372749.9,1.0074394334139116,0.0009865901823008444
372750.0,0.9937372235556473,0.0009831082565437109
372750.10000000003,0.9961036339324352,0.0009710825680911436
372750.2,0.9988743138568745,0.000927868443887539
372750.30000000005,1.0024815903023723,0.0009302806754292185
372750.4,1.0003610436148167,0.0009446705214864323
372750.5,0.9958184502379915,0.0009392889916762026
372750.60000000003,1.0020397367307243,0.0008925693560791792
372750.7,1.0040324091445583,0.0009211201259533585
372750.80000000005,0.998706430464579,0.0009604533302688139
372750.9,1.0004109069190372,0.0009827394914984564
372751.0,0.9987889741502378,0.0009574095925744165
372751.10000000003,0.9940035588830046,0.0009646439850092312
372751.2,0.9958577379293738,0.0009135122973567781
372751.30000000005,0.9988736838537708,0.0009205412706305509
372751.4,0.9958466509428212,0.0009152090239580632
372751.5,1.0021827593914916,0.0009378037155377968
372751.60000000003,0.9949040264261197,0.0009605005144249766
372751.7,0.9993419470887273,0.000865337202570884
372751.80000000005,1.0038015625172338,0.0009865661170900867
372751.9,0.9959823822844058,0.0009201843845071926
372752.0,0.9975799688384375,0.000957745863375622
372752.10000000003,0.9976760830666009,0.0009166296594536093
372752.2,0.9957525034659681,0.0009663572427113452
372752.30000000005,1.0067330121435056,0.0009897433450650412
372752.4,0.9998556937183576,0.0009422000796141995
372752.5,0.9978748727491458,0.0009919201318035877
372752.60000000003,1.0013817891438432,0.0009955364573157404
372752.7,0.9976988714705868,0.0010060774488294649
372752.80000000005,1.0024850822644638,0.001039371106311381
372752.9,0.9993122148684578,0.000964003817046041
372753.0,1.0002482637640535,0.0010040811927338512
372753.10000000003,0.9963495040957319,0.0009588962571121312
372753.2,0.9988683878043596,0.000998480195531575
372753.30000000005,1.0060194290598115,0.0009496832655238145
372753.4,0.9915894095933563,0.0009217353210871489
372753.5,1.00093029230633,0.0008726771857688214
372753.60000000003,1.0007015173000913,0.0008661179983052006
372753.7,0.9982171893512849,0.0009410915811049602
372753.80000000005,1.0059115922118438,0.0009218614197499419
372753.9,0.9945743002440324,0.0009693556717726423
372754.0,0.9956647816113992,0.0010610326449443162
372754.10000000003,1.0025570101218053,0.0008358858408706435
372754.2,0.9980125093784622,0.0009328735406203351
372754.30000000005,1.002651448707485,0.0009699918179114398
372754.4,0.9952917306210904,0.0010003023537111962
372754.5,1.00737009155327,0.0010642421353112507
372754.60000000003,0.9937433528663969,0.0010396883821871257
372754.7,0.9990478948748928,0.0009655267132596189
372754.80000000005,1.000767173420004,0.0010113072210606025
372754.9,1.0010891895112308,0.0009745538797056616
372755.0,1.0022456388673706,0.0011175909593587182
372755.10000000003,1.0053166810130933,0.0009498304074851867
372755.2,0.9965891521487737,0.0009918183189884602
372755.30000000005,0.9945162791806396,0.000935429043437662
372755.4,1.005246905800818,0.0009758763379864289
372755.5,1.0008388559262873,0.0009710842353770623
372755.60000000003,0.9951438219536847,0.0008913057171559807
372755.7,1.0033075362278894,0.0009505084768391446
372755.80000000005,0.9956239372837471,0.0009140202651249167
372755.9,1.005819513804511,0.0009022348210187887
372756.0,1.0024326638713401,0.0009980737362360514
372756.10000000003,1.000125608576292,0.0009572594146988328
372756.2,0.9982275653031621,0.0011496148815660046
372756.30000000005,0.9956289225910222,0.0011086104836281628
372756.4,0.9949020887039526,0.0010983861066274762
372756.5,0.9987088902225878,0.0010523290557585818
372756.60000000003,1.0057772055165906,0.001074506463918396
372756.7,0.9949331078096554,0.000935852126814038
372756.80000000005,1.0016480898866444,0.001079842063931775
372756.9,1.0002588167331123,0.0009691166140381073
372757.0,1.0008796097833066,0.001017327386692486
372757.10000000003,1.0002933785248176,0.0010229619557998258
372757.2,0.994981297007717,0.0009090178751475553
372757.30000000005,0.9936559792475547,0.0009816703047591498
372757.4,1.000686318962678,0.0009822281325490992
372757.5,1.0001192009321644,0.0009329531600504085
372757.60000000003,0.9978572056943407,0.0009232393060780946
372757.7,1.0005032550062452,0.0009957370311977818
372757.80000000005,1.0029681289190517,0.000929306337807634
372757.9,1.0047465412196823,0.0010086480280215198
372758.0,1.0078368004998106,0.0010283537140840327
372758.10000000003,1.0043144711940213,0.0009631948037525127
372758.2,0.9973281338667447,0.0010566914239597586
372758.30000000005,1.0040394575916414,0.001015300575777181
372758.4,0.9932812542305504,0.0008826336414171774
372758.5,1.0004308933102422,0.0009612949096997669
372758.60000000003,0.9952802205431307,0.000900381139867968
372758.7,0.9971570671497024,0.001014342188881707
372758.80000000005,1.0097737433932976,0.0009241406685682824
372758.9,0.9997792745285731,0.0010417871827134056
372759.0,0.9909623610990206,0.0009482022174076804
372759.10000000003,0.9963671391303265,0.0009744820447315762
372759.2,1.0026361544682387,0.0009430383314653449
372759.30000000005,1.002071526974328,0.0010030225315437664
372759.4,0.9971564250246485,0.000983714593270681
372759.5,1.0028685258450436,0.0009847129048630096
372759.60000000003,0.9968744579926642,0.0010299133911648567
372759.7,1.0022558957557985,0.0010285160191675878
372759.80000000005,0.9922547833859363,0.0010100927425396736
372759.9,0.993981319862011,0.0010173263454531967
372760.0,1.0005580600433828,0.001069723918506089
372760.10000000003,1.0053419014201639,0.0010063745161270428
372760.2,0.9994335443948644,0.0008810426585992388
372760.30000000005,0.9963179265849722,0.0009662398019083557
372760.4,0.9993235638442581,0.0010511192519518228
372760.5,0.9993665142175694,0.0009190763519301294
372760.60000000003,0.9965631814874911,0.0009459377351216945
372760.7,1.0016242035274479,0.0010946984298465213
372760.80000000005,1.0033551068359865,0.000995749840592327
372760.9,1.0040394104772419,0.0009538060334184427
372761.0,0.9986017025550441,0.0009855935507922446
372761.10000000003,0.9991609693550624,0.001002546311340508
372761.2,1.0017835825562662,0.001022384907481291
372761.30000000005,0.9910554912543713,0.0009310743808308955
372761.4,1.0048964872544428,0.0010149808768533089
372761.5,0.9982894328366098,0.0009730996457142909
372761.60000000003,0.9937260448417768,0.000979034521507278
372761.7,1.0043093998431147,0.0009645496781384891
372761.80000000005,1.0099368492786542,0.000909751273867572
372761.9,0.9976794695901471,0.000973890785130508
372762.0,1.0040877550082703,0.0010564853507237517
372762.10000000003,0.9968001860184971,0.0009228086331297392
372762.2,1.002578469276941,0.0009442980020879257
372762.30000000005,1.0033149621119655,0.0010018517557615206
372762.4,0.9989744185747569,0.001029745225542825
372762.5,0.9977260730542322,0.001003533398501013
372762.60000000003,0.9970693588511592,0.0009618043669014955
372762.7,0.9945540657797348,0.0008935148823056355
372762.80000000005,1.00386116232895,0.0010135074325190526
372762.9,1.0049534599854737,0.0010082482795397718
372763.0,1.0002356494191833,0.0010163911853743172
372763.10000000003,0.9931029195178377,0.0009387717314399463
372763.2,0.9929352573566592,0.0009086429623390096
372763.30000000005,1.0008152588074837,0.0010169038319706243
372763.4,1.0022133577551373,0.0010439487289926651
372763.5,0.9969447430169768,0.0009317796623119776
372763.60000000003,0.9957093831400553,0.0008852670238467242
372763.7,0.9986716414418827,0.0009560728243894293
372763.80000000005,1.000164386576837,0.0009812904383146004
372763.9,0.9995400247153975,0.0009125056657486472
372764.0,0.9997708398212818,0.0009384191149719767
372764.10000000003,0.998365332604775,0.0008759334144821968
372764.2,0.9956360995385073,0.000935451674103429
372764.30000000005,0.9980024834418926,0.0010097919963290094
372764.4,0.9992861260971989,0.000971518854597587
372764.5,0.9989423122144709,0.0009203462897393562
372764.60000000003,1.0007903407892573,0.0009697042252511413
372764.7,1.0027677770504786,0.0009838307595721211
372764.80000000005,1.0011755981239931,0.000983270506788067
372764.9,1.004909290461097,0.0010144797050103147
372765.0,1.0035809624020888,0.000937027557646189
372765.10000000003,1.002371600460983,0.0009738779351574948
372765.2,0.9922372646100521,0.0009549136944460798
372765.30000000005,1.0047971686620132,0.0008738465726448618
372765.4,0.9938715512759367,0.0009491800137766238
372765.5,1.0001304257227153,0.0010369892910879596
372765.60000000003,1.0056241789329203,0.0009193910164249679
372765.7,0.9978519992706796,0.0009530053155482152
372765.80000000005,0.9986281454960895,0.0008700333621195984
372765.9,1.0055065139068624,0.000918007820076744
372766.0,1.0084546387824418,0.0009292802132826702
372766.10000000003,1.0022652619570447,0.0009183221404248648
372766.2,0.9885662095287568,0.0008766281688168684
372766.30000000005,0.994551572695777,0.0009264410303255074
372766.4,0.9919122225105228,0.0009604158402472549
372766.5,0.9944241127859744,0.0009601396132290221
372766.60000000003,0.9992836669916647,0.0009952881383418688
372766.7,0.9992154160522183,0.0009359499956893098
372766.80000000005,1.0044871581034513,0.0009390207682084533
372766.9,0.9947563880713952,0.000788066175199222
372767.0,1.0041254594753926,0.000845706035161143
372767.10000000003,0.9982406531540499,0.0010253121141563667
372767.2,0.9909414055407019,0.0009442923856907227
372767.30000000005,0.9931279865829938,0.000852726388208109
372767.4,1.0022283399457799,0.0008963025935943751
372767.5,1.0062264379297017,0.0010186875426898216
372767.60000000003,0.9976384413868851,0.0008941855127423347
372767.7,1.002259618274959,0.0009719214279504181
372767.80000000005,1.006580115864593,0.0010046883345204973
372767.9,0.9938817309880998,0.000945837776728806
372768.0,1.0015272330316363,0.0010504407681244923
372768.10000000003,1.003493140828664,0.0009634874368945966
372768.2,1.0024460440807317,0.0009508834313004125
372768.30000000005,0.9975298262968971,0.0009977345080511902
372768.4,0.9984714037979786,0.0010341373721142516
372768.5,0.9992479443250952,0.0010497491942604359
372768.60000000003,0.9976191931988383,0.0010454073592525302
372768.7,0.9979583077393539,0.0009970560130138375
372768.80000000005,0.9955061658152334,0.0009653017034761303
372768.9,0.9962323613124865,0.0010865048316200734
372769.0,0.9954337910871256,0.000903695434966088
372769.10000000003,1.0009775812363477,0.0009677468865339375
372769.2,1.00511573971756,0.0009730700628727281
372769.30000000005,1.0061033945189368,0.0009462668586463787
372769.4,0.9989593837025855,0.0008589471284865963
372769.5,0.9984206791483096,0.0009110384946176456
372769.60000000003,1.000210382088864,0.0009395476735797178
372769.7,1.0051057175150364,0.0009753192302481621
372769.80000000005,1.0057626890230325,0.0008864988748726863
372769.9,0.9952649839885314,0.000930689270515429
372770.0,0.998769961173451,0.0009196279617496964
372770.10000000003,1.0054320090756264,0.0008430013602924377
372770.2,0.9967149858718488,0.0009271292633017539
372770.30000000005,1.0062988721743902,0.0009157959241502581
372770.4,1.0031636682840839,0.00096807679862438
372770.5,1.0021759892440965,0.0010119370663905125
372770.60000000003,0.9952783766011342,0.0010179122787967248
372770.7,1.006699283403741,0.0009912766264999755
372770.80000000005,0.9977081588710734,0.0008795908109386679
372770.9,0.995690109576935,0.0009000440709663393
372771.0,0.9912535491773775,0.0009107295346381666
372771.10000000003,1.00313948246509,0.0009327763172303571
372771.2,0.9982591364987141,0.0010987996487938478
372771.30000000005,0.9973009634514648,0.0010029513327495265
372771.4,1.0039545209375011,0.0010504885299222673
372771.5,0.9978003968942963,0.0010383100033097606
372771.60000000003,1.002757583514477,0.0010599529858028916
372771.7,1.0061282922909507,0.0010474865776788072
372771.80000000005,0.9985552660416214,0.0010724825571238837
372771.9,0.9996728771968459,0.0009693563466461032
372772.0,0.9930562042826847,0.0008421557447192298
372772.10000000003,0.9907810587366864,0.0008623936890697904
372772.2,0.9949518458284711,0.0009094244547113267
372772.30000000005,1.0013998774418011,0.0009722058562481961
372772.4,1.0046240937663513,0.0009487095320591925
372772.5,0.9997747546116401,0.0008891491302738413
372772.60000000003,1.0011342322326886,0.0009280895802778336
372772.7,0.9996543916439696,0.0009074440414805086
372772.80000000005,1.0084524896811202,0.0009379863406553025
372772.9,0.9951647369203981,0.0010520000626398054
372773.0,1.004747197334846,0.0009711666172336267
372773.10000000003,0.9981470345251711,0.0010035925185970724
372773.2,1.000643761759991,0.0009480457294547196
372773.30000000005,1.000681131214043,0.000977339275946657
372773.4,0.9985614600259242,0.0009329415024872281
372773.5,1.0065397825544442,0.0010394741991310665
372773.60000000003,1.0028314734893715,0.0009726482488152575
372773.7,0.9977090581976534,0.0009040821747748874
372773.80000000005,0.9959750649547543,0.0010503929540707955
372773.9,1.0057271828098575,0.001031348288046919
372774.0,1.0013937358698441,0.0009030171545377006
372774.10000000003,1.0068605626196654,0.000968271316870449
372774.2,0.9966678705279106,0.0009914869798012776
372774.30000000005,1.0025950809996265,0.0010749111639995264
372774.4,0.9997405465900661,0.0010662507135031918
372774.5,0.9987947027617077,0.0010925479567744816
372774.60000000003,0.9952264550797812,0.0009459702957896589
372774.7,0.997087063091722,0.0009514582011010351
372774.80000000005,1.003392748337682,0.0010596944430888208
372774.9,1.0009980954857134,0.0009517467756893401
372775.0,0.9970940519863648,0.0009674441855093781
372775.10000000003,0.9941399015517902,0.0009293215694226048
372775.2,0.9926792301605244,0.00089116459762417
372775.30000000005,0.9925626243517883,0.0009322243787324351
372775.4,1.0003190258261339,0.0009479893014719111
372775.5,1.0024627749976978,0.0009509670573313625
372775.60000000003,1.000337306346594,0.0009197526669689188
372775.7,0.997521755706555,0.000979285073756871
372775.80000000005,0.9967875853775234,0.0010409715997760664
372775.9,1.0036874556709559,0.0009164844413030006
372776.0,0.9999046633724016,0.0009463788657013027
372776.10000000003,1.0026339784958278,0.0009815907585208497
372776.2,0.9931509680729413,0.0009464921826605492
372776.30000000005,1.004601130739261,0.0010779633107657052
372776.4,0.9976032834293677,0.0009648980689134748
372776.5,0.9934316490092919,0.0010091282099176978
372776.60000000003,1.007285176288374,0.0010266630103069397
372776.7,0.9947181396923572,0.0009116929471900094
372776.80000000005,0.9966687225386824,0.0008749574725964689
372776.9,1.0113250491006056,0.0009716994429149659
372777.0,0.9958982634927244,0.0009385242490882036
372777.10000000003,0.9980660172486774,0.0009611595278223482
372777.2,0.9947104643213305,0.0009178272967245488
372777.30000000005,1.001746425393434,0.0009762696673496313
372777.4,0.9979044633917118,0.0010230139010610256
372777.5,0.9985961065381076,0.0009324494334837363
372777.60000000003,0.9982685840833142,0.000981108869926561
372777.7,1.0016431647633166,0.0009921869868943364
372777.80000000005,1.001114603963313,0.0010571688124071355
372777.9,1.0009687590169332,0.0009749331033830864
372778.0,0.9967743408396454,0.0010007898403152414
372778.10000000003,0.9989883648339322,0.0010041771674791844
372778.2,1.0013092526928835,0.0009028634378728561
372778.30000000005,1.0023755283965263,0.0009486179891685656
372778.4,0.9997919246391147,0.0008792133735887532
372778.5,0.9929196788581997,0.0007955652441371711
372778.60000000003,1.0091921666449215,0.0008757686579447312
372778.7,1.0015141219125887,0.0009439451498759765
372778.80000000005,0.9983042246924898,0.0009596551178396332
372778.9,1.0073255971584847,0.0009265324521721505
372779.0,1.0007094555819396,0.0011009912787930303
372779.10000000003,0.994494926535697,0.0008998031426301285
372779.2,1.0003186405279725,0.0009226719566780251
372779.30000000005,0.9983725468946898,0.0009330327315752988
372779.4,0.9933061082648672,0.0009062093720844763
372779.5,0.9970340757389349,0.0009529562590154643
372779.60000000003,1.0037578507919482,0.0009894976103713294
372779.7,1.0032613475356855,0.0009766215861628808
372779.80000000005,0.991463975878482,0.0010063704941081747
372779.9,0.9980744326790498,0.0009046379681799134
372780.0,0.9934417687127197,0.0010369856895546536
372780.10000000003,0.9941355809280162,0.0010549683238217482
372780.2,1.0017291504245742,0.001039299075725881
372780.30000000005,1.000428408477416,0.001017780849790961
372780.4,1.006550141728771,0.000990241674988564
372780.5,0.9997839144120544,0.00109426198464025
372780.60000000003,1.000607178406954,0.001034550709177372
372780.7,1.0023221072102215,0.001153845096042868
372780.80000000005,0.9950675221343124,0.0010159325300400867
372780.9,1.0020193205671657,0.0009673161038372539
372781.0,1.0000502699197522,0.0009392186560206589
372781.10000000003,0.9940938655885814,0.001024701520795212
372781.2,1.0027467746542746,0.0009810730469565778
372781.30000000005,1.0019437756889253,0.0009643968642081372
372781.4,1.0071793499812594,0.0008183281556462264
372781.5,0.9992161723806372,0.0009206654214974451
372781.60000000003,0.9999764282764637,0.0009432816663756057
372781.7,1.0085929797667148,0.0009535601915292279
372781.80000000005,1.0041954996996159,0.0009609623563753877
372781.9,0.9972396655032345,0.0008831836018655035
372782.0,1.0012748917337533,0.0009363138697923104
372782.10000000003,0.9951695959011082,0.0009711735372850313
372782.2,0.9967605647198201,0.001010638597182982
372782.30000000005,0.9995494744413017,0.0009763230167149329
372782.4,1.000147497818595,0.0009434307388656476
372782.5,0.996860977621198,0.0008765051562530895
372782.60000000003,1.0025205038931484,0.0010306382122915968
372782.7,0.9948055733352059,0.0009874131041269915
372782.80000000005,0.9922904929476729,0.0011400524803691164
372782.9,0.9984369722566502,0.0009736229213457054
372783.0,1.0008450202143273,0.001049273839182809
372783.10000000003,0.9997555153533989,0.0010430089836185289
372783.2,0.999345026257166,0.0011046805616641996
372783.30000000005,1.0029435276665906,0.0010372923924741831
372783.4,1.0006258435326216,0.0008131107963333092
372783.5,1.0039524484763154,0.0009700428023661604
372783.60000000003,1.0030706460210836,0.0009150468959582923
372783.7,0.9994142752759888,0.0010175556485821353
372783.80000000005,1.0042881516200444,0.0009762744387230826
372783.9,1.0063525210396225,0.0010073645006098222
372784.0,0.9967620169605331,0.0008789691014129415
372784.10000000003,1.0012316790800686,0.0008886713018376377
372784.2,1.0052055876538215,0.0009495652045167821
372784.30000000005,0.996571785320612,0.0010295973821772561
372784.4,0.9944312274152305,0.0010237727890077162
372784.5,0.999839684274509,0.000901541822685202
372784.60000000003,1.002603762611561,0.0009432573941541986
372784.7,1.002181027110447,0.0009062051990518355
372784.80000000005,1.0070335070084586,0.0009716306509274368
372784.9,1.0022438167048524,0.0008941435868011314
372785.0,0.991981351146729,0.000866985311792404
372785.10000000003,0.9991191908307738,0.0009171658294561092
372785.2,0.9958132210736281,0.0009620878251370089
372785.30000000005,0.998107556076378,0.0008459704021287477
372785.4,1.0016642308819728,0.0008710418540967866
372785.5,0.9972418129058205,0.0008424840776823746
372785.60000000003,1.001222958534021,0.0007622877333998642
372785.7,1.0006691315507572,0.0009096056444863667
372785.80000000005,1.0035455252403738,0.0008686160696572343
372785.9,1.002423712041513,0.0008196371318566036
372786.0,1.00492724754885,0.000937839764508232
372786.10000000003,0.9980074525383258,0.001010141155651844
372786.2,0.9991918783225707,0.001013743195575797
372786.30000000005,1.0025004508622835,0.0009308420013179985
372786.4,0.9976821591678565,0.000957272991982366
372786.5,1.001303463736859,0.0009618777329173798
372786.60000000003,0.9976055045228104,0.0009585954610959392
372786.7,0.9981059080749846,0.0009120557366746204
372786.80000000005,0.9974529542026483,0.0009676455185055427
372786.9,1.008691037754409,0.0009154899502571495
372787.0,1.002185670370669,0.0009229432119522132
372787.10000000003,0.9975123251946372,0.0009523884502154866
372787.2,0.9974045397959258,0.0009101014665309154
372787.30000000005,1.0022583149186237,0.0009019916684983044
372787.4,1.0064926805623153,0.0011236848675459127
372787.5,0.9932426691376931,0.0010247669700398198
372787.60000000003,0.9990702621419943,0.0010061256843388474
372787.7,1.0023038432202174,0.0009585739886560709
372787.80000000005,0.9957341362468781,0.0010151999880553644
372787.9,0.9958966329604098,0.000971726562992113
372788.0,0.996674565006675,0.0008991853258570248
372788.10000000003,0.9970957772759231,0.0009543563450710016
372788.2,0.9992603557592097,0.000942854328302886
372788.30000000005,1.002651912544473,0.0009915143959639962
372788.4,1.007225085008952,0.0009667642389871463
372788.5,0.995381658392236,0.0009436910901388653
372788.60000000003,0.9980839710414119,0.0009292041879434295
372788.7,1.0021416122560785,0.0010653012320321238
372788.80000000005,1.0041828741986227,0.001045180521534268
372788.9,0.9968599709709618,0.0010538186170334473
372789.0,1.0040100350349572,0.000930417775075488
372789.10000000003,1.0025979452708245,0.0009388234798588194
372789.2,1.0062699271079076,0.0009244063099513876
372789.30000000005,0.9997077030218602,0.0010497908042332224
372789.4,0.9998547028772206,0.001110717922959447
372789.5,0.9974065764567349,0.001055919236122708
372789.60000000003,1.0071432656921542,0.0010736624715020665
372789.7,0.9948186618316436,0.0010194542788108806
372789.80000000005,0.9994166464735783,0.0010320593389132008
372789.9,1.0055654364929258,0.0010049385456572361
372790.0,1.0004102710533207,0.0010735901445363101
372790.10000000003,0.998028484576511,0.0009772196677368084
372790.2,1.0055769963669794,0.0009979613236993751
372790.30000000005,0.9957899356891179,0.0010057532675145097
372790.4,0.9988276455906746,0.0009409686189008126
372790.5,1.0000991473747307,0.0009196823493665809
372790.60000000003,1.0049020154024937,0.000882108649544475
372790.7,0.9998608643338858,0.0010274455709324082
372790.80000000005,0.9948157673082928,0.0009379638064869808
372790.9,1.0021279042268008,0.0009495078068476013
372791.0,1.002475295656107,0.0009883361459275956
372791.10000000003,0.9939693572745633,0.0009722140283891116
372791.2,0.9937431738105438,0.001006066266176466
372791.30000000005,1.004586715597161,0.0009776612504697843
372791.4,1.0011661904654543,0.0010054715308656715
372791.5,1.0005555412251879,0.0009757341109211125
372791.60000000003,0.9974380563817038,0.0010035992063361814
372791.7,0.9973959103727623,0.0010234986347426845
372791.80000000005,1.002329499820687,0.001046443128037848
372791.9,0.9949636813617885,0.0009952811926557668
372792.0,1.0007791878563923,0.0010126200512994379
372792.10000000003,1.000949609581291,0.0010128986578149105
372792.2,0.9999646812850932,0.0009660858168466185
372792.30000000005,1.0010488023561583,0.0010649477526393004
372792.4,0.9968059595130097,0.0010024645920921344
372792.5,0.994421739986284,0.0009843908599849057
372792.60000000003,1.0002645029893924,0.000987958489131787
372792.7,1.0011949837376006,0.0010252440978129546
372792.80000000005,1.0032617209946082,0.0010414560637482127
372792.9,0.9959187496121295,0.0010921741574469825
372793.0,1.001448789363029,0.0010395494519000173
372793.10000000003,1.0024273723096997,0.0010219706747998847
372793.2,1.0004675239292526,0.000971522903325887
372793.30000000005,0.9945630301565848,0.0009066101179371409
372793.4,1.0040431776466987,0.0009589401464044247
372793.5,1.0047308499325325,0.0010017989196883818
372793.60000000003,0.9982905535307982,0.001038652952047727
372793.7,0.9965017723174157,0.0010118913327362032
372793.80000000005,1.0070886564786548,0.0010573145542176392
372793.9,0.9993665841502422,0.001087246006221168
372794.0,1.0032710101053832,0.0011520800044341015
372794.10000000003,1.0004516330013726,0.0010136708195574297
372794.2,0.9966392896610726,0.0009183072214633403
372794.30000000005,1.0053696397802254,0.0010604932193060818
372794.4,1.0023471945643467,0.001000272715773522
372794.5,1.0058915546775808,0.0010531328109636732
372794.60000000003,1.0007309396092579,0.0010129134626612488
372794.7,0.9979927688067489,0.0010793459972464202
372794.80000000005,0.9998385306597364,0.000993579303839358
372794.9,0.9931512367591798,0.0010114164015842262
372795.0,1.001894041372964,0.0010132243846114467
372795.10000000003,1.0023826224548524,0.0010386903236064098
372795.2,1.0027164148647205,0.0011142958223367705
372795.30000000005,0.9955064954654281,0.0010869025833903302
372795.4,0.9975950019224135,0.000979745679896805
372795.5,0.998220413816886,0.0010787056338778787
372795.60000000003,0.9937413839995243,0.0010599101379171066
372795.7,1.005398878692639,0.0009595146453874961
372795.80000000005,1.0029391828074887,0.0010311431545158845
372795.9,1.0110134667640405,0.001014604965458741
372796.0,0.9981482795699153,0.0009816547903834297
372796.10000000003,1.0038873116484313,0.0009347174326387061
372796.2,0.9974628718920805,0.0009690584884742148
372796.30000000005,0.9980456566045774,0.0009258245141949734
372796.4,0.9993801984338188,0.0009098791510970082
372796.5,1.000554888688681,0.0009453168875668409
372796.60000000003,0.9961132092067174,0.0009619044617332086
372796.7,1.0050519413902386,0.0010408980607583536
372796.80000000005,0.9995264398184567,0.0011271722307412979
372796.9,1.0009888307802028,0.0009148914909613696
372797.0,0.9967738401999902,0.0009797642465570813
372797.10000000003,1.0022280155386025,0.0010357579356508047
372797.2,1.004168153026886,0.0009710214258114559
372797.30000000005,0.9929496992487341,0.001006831051216405
372797.4,1.010756247656522,0.001024927369015639
372797.5,1.0029636964563133,0.0009227321947537159
372797.60000000003,0.9988578855095624,0.001006554680694873
372797.7,0.9988623486613808,0.0010042200299768763
372797.80000000005,0.9939760084206205,0.000987097910274754
372797.9,0.9960128667371757,0.00095191909347305
372798.0,1.0028007071611418,0.0009776228637128038
372798.10000000003,0.9997915743726362,0.0009580127831362056
372798.2,0.9977539614118628,0.0008690827809712548
372798.30000000005,1.0051247293980983,0.0010253475601534
372798.4,0.9965306144349142,0.0009093621907393796
372798.5,0.9907830541841615,0.0010548316366978626
372798.60000000003,1.0017193529503678,0.0009874880764072968
372798.7,0.995477956533004,0.0010113917491203742
372798.80000000005,1.0008239449214815,0.0008899488148346765
372798.9,0.9993063661483444,0.0009282693846034776
372799.0,1.004367606368299,0.0010776318872648377
372799.10000000003,1.0015108363716572,0.0009777823675678852
372799.2,1.0002702192474064,0.0010950923756127288
372799.30000000005,0.9959774595876647,0.0010601897237040813
372799.4,1.0048181530892497,0.0010407095085869277
372799.5,0.9985535141207097,0.0009542574368944476
372799.60000000003,1.0023578088934293,0.0009881062028031737
372799.7,1.0074591271153963,0.0009364771860453549
372799.80000000005,1.0070235365468234,0.0009184568475421636
372799.9,1.0008896780727357,0.0009554179779584765
372800.0,0.9977637144435529,0.0008748804271699034
372900.0,0.9979410185666048,0.0009132352468726995
373000.0,1.0069120987567595,0.0011385627923822886
373100.0,1.0050632791524443,0.0009688288323270104
373200.0,0.9975965604211406,0.000984242812401414
373300.0,1.0003672152532452,0.0009621201691988949
373400.0,0.9995332470777686,0.0009504456932714372
373500.0,1.0036381200513782,0.0010286895585935234
373600.0,1.0035989601132416,0.0009884791958587843
373700.0,0.9963048328844983,0.0009773956703268917
373800.0,0.997859511507293,0.0010320921337397856
373900.0,1.003141741459554,0.0009724740606127353
374000.0,0.9916652538049193,0.0008995374002265382
374100.0,0.9975912947971405,0.0008756703375693107
374200.0,0.9984122945140441,0.0009850044124453698
374300.0,1.0068195299777452,0.0010760931424819385
374400.0,1.004300584546418,0.0009851389366721064
374500.0,1.002203725171594,0.0010276136527853576
374600.0,1.0023077318363578,0.0010025029171260161
374700.0,1.0004008938331466,0.001007283394500732
374800.0,0.9996647033938689,0.001039059221021361
374900.0,0.9990315778393777,0.0009671427216902744
375000.0,0.9983272635010958,0.0009605586057193412
375100.0,1.003340131521027,0.0010010602796069032
375200.0,1.0026199801261717,0.0009845220559300818
375300.0,1.0007597939146384,0.001054769187660544
375400.0,1.005094105160575,0.0009960130309069055
375500.0,1.001585444433939,0.0009129319922247818
375600.0,0.9963840735462278,0.0010624949730645645
375700.0,1.0049785272701315,0.0010876976628898193
375800.0,1.0019632580002629,0.0009617016824493728
375900.0,0.9986599728825054,0.0009402323648685797
376000.0,1.0016568133198847,0.0009024874719387713
376100.0,1.0004151869869937,0.0009378365258414257
376200.0,0.9949729998797155,0.000903468391938761
376300.0,1.0036507867389821,0.000873666835319663
376400.0,1.0068029307460744,0.0010302725131877564
376500.0,1.0033061849933267,0.0010224083087059196
376600.0,0.9980675094080251,0.000933193646523908
376700.0,1.0024482160766104,0.000948074913390173
376800.0,0.9947014343734094,0.001119749817936349
376900.0,0.9943595687615236,0.0010538437427592684
377000.0,1.0081952991489447,0.0010181580385017108
377100.0,0.9991738244005931,0.0009808251920448508
377200.0,1.0052331712054734,0.0009121743433956319
377300.0,1.0022003454089292,0.0009384239406428979
377400.0,1.0025929986835995,0.0010083021503476128
377500.0,0.9995606735604895,0.00097933711838003
377600.0,1.0041029181765544,0.0009365010006435157
377700.0,0.999299321072112,0.0009590594950270885
377800.0,0.9897376774517829,0.0009311586494863424
377900.0,1.000694081098044,0.0009986772635553144
378000.0,1.0027680838440158,0.0009380789275967849
378100.0,1.0046906864455878,0.0009750398108339903
378200.0,0.9926259725319959,0.000912112510764805
378300.0,1.0041013827974659,0.0010640883869016936
378400.0,0.9942571306170308,0.0009718449266264826
378500.0,0.9941198428051277,0.0009204297578156474
378600.0,0.9994541351515646,0.0008885902781605303
378700.0,1.0025404699536786,0.0009268901441428865
378800.0,0.9981537357483727,0.001071098445306034
378900.0,0.9988215785605723,0.0010350697608778863
379000.0,0.9985188506852917,0.000963455745250131
379100.0,0.9955266530803407,0.0010044924630885676
379200.0,0.999442658090814,0.0009795485578326085
379300.0,1.0060750931818265,0.0008997886087811346
379400.0,0.9977785467258807,0.0010439751872076755
379500.0,1.0014070064478477,0.001053217913185148
379600.0,0.996964453308405,0.0009644378303138333
379700.0,0.9964829659686514,0.0009523108137792912
379800.0,1.0011045607159708,0.0010451526834935139
379900.0,0.9967469094223691,0.0008832222479338857
380000.0,0.9950526287726054,0.0009458096997362071
380100.0,1.0058258018515247,0.0008776627149262373
380200.0,0.9986983422017583,0.0009914465438578732
380300.0,0.9941748804349468,0.0008864859817491786
380400.0,0.9916855078235176,0.0009694071379136643
380500.0,1.0042436801970986,0.0009841908388731639
380600.0,1.0050970605085463,0.0009680365186376142
380700.0,0.996872638287907,0.001034002584317187
380800.0,0.999676847058035,0.0009322782718164902
380900.0,1.0070431294895066,0.0009412290141680195
381000.0,1.0011589335150595,0.0009519546285236503
381100.0,1.0027403406992534,0.0010068433665863478
381200.0,0.9994253291542439,0.0009685707834964184
381300.0,1.0040322815347253,0.0009724681898284458
381400.0,0.9976477210499306,0.001033367234348325
381500.0,1.0010864322244664,0.0009832388567989538
381600.0,0.9945019576790876,0.0009217871228345898
381700.0,0.9942143665300579,0.0010825772119832631
381800.0,1.0013205941056893,0.0008735658943671647
381900.0,1.0014999396353854,0.0010736206208135795
382000.0,1.0000266712376487,0.0009145148800256338
382100.0,1.0026927053594306,0.001057554963818659
382200.0,0.9994449217240393,0.0009037907447499764
382300.0,0.9988321285784625,0.0009912528060548665
382400.0,1.0049713434778307,0.0009747741335313024
382500.0,0.9992598910719614,0.0008999274770580645
382600.0,0.9973356386746646,0.0008887141443673246
382700.0,1.0012357332895743,0.00095094716628663
382800.0,1.002168047711595,0.0009191680994551363
382900.0,0.9990476672918113,0.0010707548603860002
383000.0,0.9970463927208716,0.0010994040547361392
383100.0,1.0046200631596465,0.001058031454699381
383200.0,1.0001280650549595,0.0010451876410594826
383300.0,1.0060732562925139,0.0009976246212685012
383400.0,1.0045901043886105,0.0009169272381165418
383500.0,1.006290682729748,0.0009956130323884582
383600.0,0.9997676002495811,0.0008334805491119657
383700.0,1.0009261781250782,0.0009475426213530779
383800.0,0.9944411550149166,0.0009688178657729957
383900.0,1.0001234151419205,0.0010226838105003482
384000.0,1.0085948905714444,0.0009241187662876693
384100.0,0.995880124191541,0.0010772580570141193
384200.0,0.9978651552658688,0.0009804816007282103
384300.0,0.9934338431522588,0.0010265187619400906
384400.0,1.0008685773499897,0.0009840083902331513
384500.0,1.0075674924718974,0.0010110892258596747
384600.0,1.0038806099891417,0.0010304632408513858
384700.0,0.992390150720519,0.0010091847621041888
384800.0,1.0017527589149369,0.0009002782738070242
384900.0,0.99626424629702,0.0009524388674984794
385000.0,1.0022285672922189,0.0010714642959422775
385100.0,0.9953489920766654,0.000929339134451829
385200.0,0.9950841205661853,0.000896317801304165
385300.0,0.9921706104563918,0.0009340809634532909
385400.0,0.9995728618276953,0.0010005168032182529
385500.0,0.9996001146373676,0.0010576158097589175
385600.0,1.0069252486001643,0.0010700445426694957
385700.0,0.9949030841581086,0.0010179549477044494
385800.0,0.9967759080393505,0.0009136205633516691
385900.0,0.9982895146537152,0.0009246000396822687
386000.0,0.9989196516120323,0.0009513063279899965
386100.0,1.0009113835398282,0.0010464802329426218
386200.0,1.0010729055474226,0.0010593215325826605
386300.0,0.9963279911983508,0.0010006741297592637
386400.0,0.9974696762424896,0.0009122855659031032
386500.0,1.0001871924087589,0.0009362107915025231
386600.0,0.9963922600070824,0.0009129131348453112
386700.0,0.9975312531266733,0.0010361279429586397
386800.0,0.9984152994711383,0.0010194414251467473
386900.0,1.0054829337078832,0.0010257674657954935
387000.0,1.0017657665268396,0.0009687203053835258
387100.0,0.9956768260270544,0.0010046319434361185
387200.0,1.007116282653901,0.0010409758980285417
387300.0,0.9965847459798858,0.0008971875930568929
387400.0,0.9983573761448346,0.0008989435278201897
387500.0,0.9992057657734184,0.0009247677998474995
387600.0,1.0061145213584617,0.0009881541163424701
387700.0,1.0020284373771466,0.0011337129627243085
387800.0,1.0058891857735826,0.001116684384016013
387900.0,1.004386808240669,0.0008435913821196526
388000.0,0.9958705550171005,0.0009159105210056312
388100.0,1.0009975764870385,0.000849229730053716
388200.0,1.0025528580306455,0.0010847315377542294
388300.0,0.9988140293104742,0.0010135690202667626
388400.0,1.003124784907109,0.0009761524991827316
388500.0,0.998567916589687,0.0008974851138750727
388600.0,0.9978052138057056,0.0009608658453606488
388700.0,1.0004020999268992,0.0009724651496175196
388800.0,0.9993772161155683,0.0010113267818155967
388900.0,1.0010805520065318,0.0010740613045117943
389000.0,1.0001466248016813,0.0010270553783555162
389100.0,1.0028013595201146,0.001004915056745911
389200.0,1.0011879244262472,0.0010676162289843174
389300.0,0.996318824599624,0.0009511455017687095
389400.0,1.0027355084763976,0.0011010094323439426
389500.0,0.993459092968678,0.0009523066771404369
389600.0,1.0038859929178523,0.0009450954171977849
389700.0,1.0010420889856804,0.001053043180582133
389800.0,0.9993773318656141,0.0011021831431146788
389900.0,0.9990819907871143,0.0010184609243834523
390000.0,1.0013124342777258,0.0009459163630210677
390100.0,1.0058708242038916,0.0009315216100430878
390200.0,0.9987954536783279,0.0009643457499593041
390300.0,0.9990473104352445,0.001047492364188728
390400.0,1.0013000991640033,0.0008445263884221196
390500.0,0.9957650255854241,0.0009080459757335851
390600.0,0.9959300219013717,0.0009787693274032696
390700.0,0.996521692808468,0.001090890928086011
390800.0,0.9994821583551493,0.0010159663722316943
390900.0,0.9983517450726638,0.0010621073808887399
391000.0,0.9977146752035714,0.0011280865654948857
391100.0,0.9978661943998751,0.0010069293787732044
391200.0,0.9979274081469628,0.0009733545564452534
391300.0,0.9993479632575634,0.0010298833292562747
391400.0,1.0031647011421525,0.0010025496643975799
391500.0,0.999826135254574,0.0009924126099519056
391600.0,1.0049557737692782,0.0009861267704040153
391700.0,1.00140872546856,0.001063796930344379
391800.0,0.9992849709739443,0.0009528166246984127
391900.0,0.9976569926990351,0.0009728251361024103
392000.0,1.0010692106268861,0.000929138348924606
392100.0,0.9995639887505237,0.0009627649697860279
392200.0,0.9922798544889504,0.0008645451241085653
392300.0,0.998533886137269,0.000893811350793409
392400.0,1.0020024716646714,0.0009120921162557647
392500.0,0.9954086643474894,0.001041300650435046
392600.0,0.9986812952190146,0.0009753555827412495
392700.0,1.0023075460598285,0.0009640213379693369
392800.0,1.0000403479785422,0.001025500524172777
392900.0,0.9996588698658693,0.0009818051749853028
393000.0,0.9989614704051226,0.0009094339801164566
393100.0,1.006319755452354,0.000949446896092366
393200.0,0.9951723075846011,0.0010932484254022252
393300.0,1.0038310189496022,0.0010185695241513408
393400.0,0.9983272382812661,0.0009247833424574032
393500.0,1.0044351678680132,0.0009597763119009319
393600.0,0.9955635068851183,0.0009319264607441994
393700.0,0.9999205410820748,0.0008882255944972606
393800.0,0.9970331750158116,0.0010125712500259063
393900.0,0.9963430321481179,0.0009507962551395943
394000.0,0.9977957848126585,0.000883528815912458
394100.0,0.9979657552858803,0.0009667266985420232
394200.0,0.9977226207808336,0.0010601119037859717
394300.0,1.0012663358045877,0.0010436929446466603
394400.0,1.0020685334182948,0.0011137033522331183
394500.0,1.0047287531561742,0.0009347675047120243
394600.0,1.0004128194476276,0.0009540854908379121
394700.0,1.0013680706651789,0.0009028043208448082
394800.0,1.006433023808582,0.0009937619850554876
394900.0,1.0006112141335077,0.0009133054357790081
395000.0,1.0012495416748866,0.0009097116027159273
395100.0,0.9993111668272319,0.0009734751117980306
395200.0,1.0044181938443575,0.0010719522533206628
395300.0,0.9992163557961512,0.0011035303539500396
395400.0,0.9951403014363944,0.0008596543678924957
395500.0,0.9983697427398546,0.0009888457118760424
395600.0,1.0054463983424171,0.0009562915183391041
395700.0,1.0031983917762175,0.0009352741652540545
395800.0,1.0050701444271606,0.000984132084062693
395900.0,0.9964175610428504,0.0009995036394335655
396000.0,0.993628672224477,0.0008575605746072629
396100.0,0.998878304514483,0.0010165330362137044
396200.0,0.9934621115681943,0.0009738271702658625
396300.0,1.0043573992784611,0.0010244330486026557
396400.0,1.0000378973572608,0.0009924384193389102
396500.0,0.998008664719428,0.0010215173550458694
396600.0,1.0070437722249,0.0010772697319829298
396700.0,0.9997053241133933,0.0009803315897128325
396800.0,1.0020260730738768,0.0010434190492755273
396900.0,1.0027213410844737,0.0010327176190568096
397000.0,1.0023897145710994,0.000855754159742594
397100.0,1.0014308553762898,0.0010124474142185738
397200.0,0.9968603591993216,0.0008560538565774492
397300.0,1.0077938209795116,0.0010475769070896993
397400.0,1.0016718401510494,0.0009250989719634814
397500.0,0.9943573845114172,0.0011031262258581634
397600.0,1.0015005961730556,0.0009995912822236088
397700.0,1.0006436584655403,0.0010602569592985797
397800.0,1.0008627975585866,0.0009761714691431466
397900.0,0.9961289155482902,0.0009737113679066555
398000.0,0.995701639458944,0.0009633927653793571
398100.0,1.0074959212888157,0.0010053292794185442
398200.0,1.0014398825628505,0.0008291667855593797
398300.0,0.9973060783284561,0.0009087742921576166
398400.0,0.9999204040654003,0.0009856259898589213
398500.0,1.007831079808333,0.0009629664209149004
398600.0,0.9913066924414627,0.0009589926331607337
398700.0,0.9984517470782743,0.0009134211848956697
398800.0,1.0013824197635628,0.0009856461250261459
398900.0,1.0023525980586352,0.0010434109018671843
399000.0,0.9968897516016019,0.0008125500335484881
399100.0,1.003586563857902,0.0010671387833253046
399200.0,1.0053489640307425,0.0010183633851400123
399300.0,0.997314403821509,0.000967130012491649
399400.0,1.0024283020217784,0.0010190275892977413
399500.0,1.0055225795391005,0.0010032009374953664
399600.0,1.001168631103312,0.001023675155843679
399700.0,0.9969779937337148,0.0009900085960286922
399800.0,0.9972355151234045,0.0008124493216683869
399900.0,1.0007672576810545,0.0009985229830332943
400000.0,0.9954218331650952,0.0009689940124786686
400100.0,1.001412940415097,0.0008898800316066539
400200.0,0.9934153014901379,0.0008974080711924745
400300.0,0.9996446985163877,0.0008469381111918133
400400.0,0.9985291427892629,0.0008595969557249279
400500.0,0.9986463896496307,0.0009456929675675187
400600.0,1.0024366926130759,0.0010371932344209267
400700.0,0.9953548328466891,0.0009471094733777221
400800.0,0.9955057334356672,0.0010546378550213714
400900.0,0.9993638261425449,0.0010171514844498923
401000.0,0.999941272148831,0.0008717716878968765
401100.0,1.007117609545972,0.0010946247279688568
401200.0,0.9945393871478809,0.0009955942775330868
401300.0,0.9974580808857386,0.0008674933464784002
401400.0,1.0069853270126239,0.0010752672778878332
401500.0,0.9979273915024071,0.0009065498864947617
401600.0,0.9968195077744534,0.0009120961903089609
401700.0,1.0064517218868445,0.0009008498953769536
401800.0,0.9977520283249462,0.000990717044575001
401900.0,1.0001045718807506,0.0010297542526783538
402000.0,0.9983932078467392,0.0009737684905691649
402100.0,0.9932746093373431,0.0009892490973745292
402200.0,0.99756977694138,0.000883401989581229
402300.0,1.0053967452547137,0.0010572599133564543
402400.0,0.9981823312828073,0.0010234244297027953
402500.0,1.0020930901526532,0.0009655365499509014
402600.0,0.997562475980702,0.000908328432465626
402700.0,0.9998681982682359,0.0010678367026918456
402800.0,1.005564321330653,0.0009654792885677673
402900.0,1.0030146420548998,0.0010828133122569473
403000.0,0.993411886652351,0.0009458541567954653
403100.0,1.0000965441721035,0.0009481047219033821
403200.0,0.9981198633144709,0.0008834699511646332
403300.0,1.0011654315496614,0.0009703157264679347
403400.0,1.0017412601078817,0.0008844762016552265
403500.0,0.9995276618937085,0.000962280249614993
403600.0,0.9949979397661631,0.0009092925069503447
403700.0,1.0007749160131603,0.0009450809531981544
403800.0,1.0039816048258896,0.0009508557570257536
403900.0,1.001682481959532,0.0009556968694341572
404000.0,1.0037280261373502,0.0009174084125921957
404100.0,1.0069182344312408,0.0008351960159856674
404200.0,1.0072584360261956,0.000926964103137731
404300.0,1.0053250541719556,0.0008360225437809852
404400.0,1.0028131997078478,0.0009328403352647102
404500.0,1.0000861910281038,0.0009762018174944128
404600.0,0.9947871383314699,0.0008461048443503724
404700.0,0.9979783060013404,0.0008880240830624747
404800.0,0.9973492185955419,0.001008830207604128
404900.0,1.0009374654988392,0.0010272466617655635
405000.0,0.9945996136780468,0.0008968716274993951
405100.0,0.9952717013961827,0.0009580835074454748
405200.0,1.0002445161993279,0.0010557951510940934
405300.0,0.9915526402054028,0.0009636793652134062
405400.0,1.0001105742352736,0.001129551203959531
405500.0,0.9958865225530553,0.0009966168949622726
405600.0,0.9978073233546214,0.0009316884706909365
405700.0,0.9982302478717451,0.0010066704518526394
405800.0,1.0036511612655317,0.0009736766102135972
405900.0,1.0042975730697141,0.0009809528767251397
406000.0,0.9994225780426014,0.0008738741797771456
406100.0,0.9979263112911171,0.0010389043250188944
406200.0,1.003136347060641,0.0009680920977856204
406300.0,0.9957161699568965,0.0008984190564031973
406400.0,0.9976184239088215,0.0009304486699851757
406500.0,1.0105781864111845,0.0009943263237763426
406600.0,0.9996519018935686,0.0010349248401584942
406700.0,1.0035731695887085,0.0009590832043745961
406800.0,1.0018697629836328,0.0009941294428639509
406900.0,1.0051447008948342,0.0010646914671835809
407000.0,0.998238664651236,0.000987795405949644
407100.0,1.0003743661966304,0.0009479320553350465
407200.0,0.9964799673981768,0.0009606287483261387
407300.0,0.997275271918515,0.0009204591257873812
407400.0,1.000545766504537,0.0009783182353671279
407500.0,1.004810413043351,0.0009799801152294496
407600.0,0.9966543455863942,0.0009864531710263495
407700.0,0.9964684200945142,0.0009940976155934308
407800.0,1.0021921794709325,0.0010530978505940113
407900.0,1.0074935134450251,0.0009476086190515608
408000.0,0.9994921000062199,0.0010063876173715075
408100.0,0.9976790378155829,0.0008874037294255582
408200.0,1.006418689215688,0.0009475249368591337
408300.0,1.0009099692427248,0.000916982296743815
408400.0,0.9974804141407039,0.0009973158675089025
408500.0,1.0002643743736828,0.000933172083104191
408600.0,1.0026174041191611,0.0010290216397467354
408700.0,1.006953417289329,0.0009928654724251438
408800.0,0.9949151271738474,0.0009432814053020885
408900.0,1.0026434820113117,0.0009641554456471959
409000.0,1.0018609693757994,0.0008770690379544775
409100.0,0.9950033677259786,0.0009088493692332396
409200.0,0.990738542271838,0.0009771064730015283
409300.0,1.006573932109073,0.0009996443197495145
409400.0,0.9942348823134812,0.0010219182057786323
409500.0,1.0076229759561888,0.0010014121516349033
409600.0,0.9956920647437902,0.0009266985802953749
409700.0,0.9953419418282323,0.000934227470904639
409800.0,1.0064080098482615,0.0010784032245371336
409900.0,1.0047751222769925,0.0010505685130476538
410000.0,1.0000530580272438,0.001079065992152727
410100.0,1.0001363449300122,0.001096539199202706
410200.0,0.9960744471281658,0.0009676182464915531
410300.0,0.9973153136174038,0.0010594505931089079
410400.0,1.0071847504088456,0.001008247943784498
410500.0,1.002520718143944,0.0009079215797279603
410600.0,1.0005518276045506,0.0009424421810357753
410700.0,1.0026151248048911,0.001010895668380719
410800.0,1.0047585282274314,0.000895870246673484
410900.0,0.9978287918781966,0.0009740258353899697
411000.0,1.0035338910055884,0.0010733427333582677
411100.0,1.0026257111685066,0.0010554275410801243
411200.0,0.998576177385247,0.000920867717979547
411300.0,1.0011006124984967,0.0011211120423493528
411400.0,1.0008531287094986,0.0011188259866343057
411500.0,1.0028767575403694,0.0009433253305845286
411600.0,0.9971552698439669,0.0009918483122042482
411700.0,1.004926899567598,0.0009329990024949143
411800.0,1.0062083585490316,0.0009164306866364834
411900.0,1.0026199074945579,0.0009285560019696336
412000.0,1.0037894550155755,0.0010147532337741094
412100.0,1.0054624815029471,0.0010247373908185901
412200.0,0.9966011962352469,0.0009559632589984187
412300.0,0.9950322695533431,0.001054236197314951
412400.0,0.9971940494165682,0.0010534652205080033
412500.0,0.9988526053104988,0.0010060368744093104
412600.0,0.9990573114188532,0.0009729239539307441
412700.0,1.0081284253355591,0.0010707703216264394
412800.0,0.9991933655537016,0.0010289141541709626
412900.0,0.9992449222805206,0.0009863772966420034
413000.0,0.9965297478114121,0.0008941668281470851
413100.0,0.9946184913384889,0.000986148256441386
413200.0,1.001863503469622,0.0009400165643695671
413300.0,1.0008254867204927,0.000978160215627563
413400.0,1.006486597469786,0.0009013259225878078
413500.0,0.9924032643931677,0.001045340874546161
413600.0,0.9884563267426341,0.0008461916621042801
413700.0,1.0052325595607576,0.0008796908044461171
413800.0,1.0003611368583945,0.0010193604131855819
413900.0,1.0039496535495427,0.0010850404449799502
414000.0,1.0028258716990766,0.0009667861129298293
414100.0,1.0001309136149261,0.0009158189695991103
414200.0,1.0093198998862707,0.0009325984595988018
414300.0,1.002193704824917,0.001011064392173523
414400.0,1.0034670664250585,0.0011213329449153969
414500.0,0.9998784989062242,0.0009758847185542811
414600.0,0.9997754808598954,0.0009727220765340729
414700.0,0.9959029481199722,0.0010441415255820435
414800.0,1.002854642732418,0.0010027654445105953
414900.0,0.9995277815618757,0.0010508495203918316
415000.0,1.0013993094297442,0.000800843927303921
415100.0,0.9963680982132224,0.0009233489227802633
415200.0,1.0021858049390981,0.0009397861983045438
415300.0,0.9978705624345202,0.0010265097323882662
415400.0,0.9974798471040544,0.0009211868728585917
415500.0,0.9957498895780126,0.0009651059827957462
415600.0,0.9971969644926351,0.0009233546966564816
415700.0,1.0001884018798786,0.0009298051715405354
415800.0,0.9930009940928448,0.0008483911424609897
415900.0,1.0015568587873218,0.001006496242433804
416000.0,1.0048809977015025,0.0009855582408286694
416100.0,1.0094495707424649,0.0009550815790880154
416200.0,1.0003076993805817,0.0009793541344884787
416300.0,0.9956569542640513,0.0009488211620500293
416400.0,1.0041727945393153,0.0010480141449730651
416500.0,0.9970951666691313,0.0008954795813118097
416600.0,1.0040262090868106,0.0010424631583209447
416700.0,1.0028375529900875,0.0010031713478840755
416800.0,0.9991151291927639,0.0008303897620571008
416900.0,0.9983445934531925,0.0009781913843211576
417000.0,0.9978489651684885,0.0010559225719733293
417100.0,1.0054874899527069,0.001057658971365507
417200.0,1.0107988925595703,0.0009291658066105971
417300.0,0.9949474068698699,0.0009671185007567243
417400.0,1.0053316290784704,0.0009411047633739931
417500.0,1.0036557936111412,0.0009367159041682217
417600.0,1.0034063945203657,0.0010365317006499663
417700.0,1.0009791582840897,0.0009969511860126396
417800.0,0.998838652033057,0.0009445606944788067
417900.0,1.0036339575101774,0.000948653805487871
418000.0,0.9959844824003241,0.0009062799733703874
418100.0,0.9965020189135957,0.0009466835817441412
418200.0,1.0002685258505943,0.001027610986390698
418300.0,0.997563756323658,0.0008262997049501796
418400.0,0.9984385183103821,0.0009838963120050348
418500.0,0.9988564730627644,0.0011171381690374097
418600.0,1.0032960711874603,0.000999111552947707
418700.0,0.9978612814140494,0.0009166539485053893
418800.0,1.0056648728713298,0.000978024040322852
418900.0,1.004538381828922,0.0009248323118585087
419000.0,0.9933750207594695,0.0010523061968120508
419100.0,0.9970435840749713,0.0010521483673887433
419200.0,1.0049190017417768,0.0010738825613273138
419300.0,1.0003854278602982,0.0009748726324475265
419400.0,1.0018506705654349,0.000962230874686392
419500.0,1.0101042133218203,0.00106704856008605
419600.0,0.998285736817583,0.000978733387300088
419700.0,0.9953635209323336,0.000951160343545629
419800.0,1.003554619706146,0.0010217190743298207
419900.0,1.0018443560235806,0.0010029831455250784
420000.0,1.0021175249210086,0.0010357352617896393
420100.0,1.00563928483925,0.0009272370886506156
420200.0,0.9988560398185681,0.000996531691326352
420300.0,0.9944480581955937,0.0010122454775660437
420400.0,1.002683246164214,0.0008448104578921165
420500.0,0.9977859119127771,0.0010467940031210637
420600.0,1.0005093316109614,0.0009550047632406094
420700.0,1.0002243630240482,0.0009452494976327548
420800.0,0.9930715533203153,0.0010188626471393928
420900.0,1.0010765182237704,0.000996255327847371
421000.0,1.0035617512971426,0.001090621616784451
421100.0,0.9926133286559569,0.0009323553784231537
421200.0,0.9962148272017523,0.0008728386369665657
421300.0,1.0089189365520304,0.0009033456557170023
421400.0,1.0007514752496613,0.0010094241364948927
421500.0,0.9971883930639879,0.0009308691556459411
421600.0,1.003224791302792,0.0009869536953720824
421700.0,0.9933606017835714,0.000974620913319952
421800.0,1.0030901968711132,0.0010495857605340626
421900.0,0.9955226592154158,0.001094419898887122
422000.0,0.99795987496997,0.0009459965943524414
422100.0,1.0077072653675418,0.0009574553311546054
422200.0,0.9995486869509694,0.0010606331412716598
422300.0,0.9983642310691948,0.0009186522689375281
422400.0,0.9952695942113284,0.0009468925031874404
422500.0,0.9977427027531385,0.00107052709552378
422600.0,1.0018252052025314,0.0009506382785621017
422700.0,1.0063013425872127,0.001034708896472676
422800.0,0.9959283245792344,0.001038918234098728
422900.0,0.9987366086974161,0.0009113484681547698
423000.0,1.0027626052142018,0.000915663723212982
423100.0,1.0005904118027333,0.001032285239224838
423200.0,0.9989086711915531,0.0009504837343149443
423300.0,0.9946259011927145,0.000956633982577018
423400.0,1.0016171588333944,0.0010425531559909644
423500.0,0.9986562061609695,0.00104745172003829
423600.0,1.004218336952772,0.0010545601148583938
423700.0,0.9986274065416294,0.0009033983307665814
423800.0,1.004254186555537,0.0008963265578841484
423900.0,1.0028415031370141,0.0010384458008611491
424000.0,0.9939535839550332,0.0008537361276751849
424100.0,1.0001998208265217,0.0009544145488857237
424200.0,0.9964354446632264,0.0010230851942878386
424300.0,1.002112926610454,0.0009792693605518406
424400.0,0.9960063252456063,0.0009514012962055337
424500.0,1.0014782891519973,0.0010546725934173125
424600.0,0.9980451499123622,0.0008296079139322153
424700.0,0.993297855261473,0.0009326394246438413
424800.0,1.0013118323956118,0.0009917828698126348
424900.0,0.9935735001715634,0.0010551540944073905
425000.0,1.0001001267967748,0.0009189348626373383
425100.0,1.0035203329803088,0.0009490766440760047
425200.0,0.9995021087850726,0.0008881641166893526
425300.0,1.0020164306728452,0.000938979567734398
425400.0,1.00177213766497,0.0009913366879163857
425500.0,0.9946728340627417,0.0009463880498159155
425600.0,0.9931151135391553,0.000965371499538531
425700.0,0.9963560645438309,0.0008633306220863647
425800.0,0.9992439180629714,0.0009033436354698454
425900.0,0.9972486301780591,0.0009415103079388262
426000.0,0.9960535101508867,0.001003758158588189
426100.0,0.9936151146541663,0.0009142396957993027
426200.0,1.0055626931950359,0.0010281057590077007
426300.0,0.9978603773719618,0.001039215468617568
426400.0,0.996868438856216,0.0009290947843096474
426500.0,0.9913684763410208,0.0010225886821488457
426600.0,1.007949265893044,0.0009811214983056306
426700.0,0.993542336695674,0.0010323943020103526
426800.0,1.0000852612324596,0.0009490459654329864
426900.0,0.995645239932466,0.0010244933279032083
427000.0,0.9974293266489125,0.0009148354156103156
427100.0,0.9987802013881918,0.0008832735814754016
427200.0,1.0035979667159307,0.000914569093480618
427300.0,0.9950312457690063,0.0009007375361121086
427400.0,0.9975340540607144,0.0008911034257880683
427500.0,0.9998003269862334,0.001062724945606078
427600.0,1.0008368172297726,0.0009036871322353769
427700.0,0.9933031614180059,0.0009740886216258275
427800.0,0.9996294947766725,0.000996122506618675
427900.0,1.0010947214853527,0.0008215066908927848
428000.0,0.995678819882131,0.0009410238252938265
428100.0,1.001956608533463,0.0009124212113634727
428200.0,0.993480071286757,0.001021018818114189
428300.0,0.995454533566274,0.0009022706174644833
428400.0,0.995973083271201,0.0009763404331404337
428500.0,0.9925795408515751,0.0010113224614657123
428600.0,1.0050969423573202,0.0009893287616705624
428700.0,1.0033076710958988,0.0009934062921242673
428800.0,0.996214747100134,0.0010280006130017742
428900.0,1.006636886463119,0.0008828555718860723
429000.0,0.9990000708570593,0.0009369220788794295
429100.0,0.9986208299526484,0.0010697315318088174
429200.0,0.9994733675878902,0.0009758642661497967
429300.0,0.9976189426242662,0.0010828708061914449
429400.0,0.9943855963593387,0.0010596450958760765
429500.0,1.0017277450426643,0.001011908450301809
429600.0,0.9959404458747719,0.0008677828391401412
429700.0,1.000457355744696,0.0009635276687919133
429800.0,1.0064262677127433,0.0009227285476177421
429900.0,0.9948740214521858,0.0008895255100472937
430000.0,0.9967054491059216,0.0009052945447555335
430100.0,1.0059296230105574,0.0009603907676266829
430200.0,0.9994940174364797,0.000958961604462921
430300.0,1.0067783710572449,0.0009275262131524254
430400.0,0.9965723576099869,0.0009862627815280915
430500.0,1.002216599692671,0.0009032358016388474
430600.0,0.999739307069693,0.0009861200680282135
430700.0,0.992503465755138,0.0009497489053052752
430800.0,0.9983977349584898,0.0010278013862077971
430900.0,0.9960898273263032,0.0009792315202887768
431000.0,0.9989799389030182,0.0008849578335408591
431100.0,0.9940809315453522,0.001010572697874902
431200.0,1.001927131014048,0.0008711350762835175
431300.0,0.9963762603997262,0.0009472391280701272
431400.0,0.998345435262426,0.001007062732041205
431500.0,0.9927432534618605,0.0009113676932750921
431600.0,0.9992353766734609,0.0009158503327759452
431700.0,0.9993363220532038,0.0009332220873078287
431800.0,1.0018399691916966,0.0009716584918330726
431900.0,0.9966534717421142,0.0010354490283596527
432000.0,0.9955317480837885,0.000979554777979182
432100.0,1.0016605460688806,0.0009171025062638415
432200.0,0.99501106380021,0.0009951342163269988
432300.0,0.9987012068654103,0.000990431586323745
432400.0,1.0035702542613876,0.0010275281618383665
432500.0,0.9976464326322662,0.0009875262764710681
432600.0,1.0005544382762017,0.0008785118482772453
432700.0,1.0010168652872244,0.0009250525540241559
432800.0,1.0045381284493433,0.0011168784861032147
432900.0,0.988091494751675,0.0009214775924588403
433000.0,0.9901800252361479,0.0009152813942951574
433100.0,1.004137438149722,0.0008993343947052787
433200.0,0.9962974074982961,0.0010814668957668592
433300.0,0.999387070085012,0.0008986680539926825
433400.0,1.005184693716932,0.001035357102130722
433500.0,1.0034203128548906,0.0009574052971036063
433600.0,0.9988456097286436,0.0010527216346810006
433700.0,0.9979418796245924,0.0009057175369580458
433800.0,1.0032075537878007,0.0009379064078989522
433900.0,1.002077044492377,0.000928824395057601
434000.0,0.9923283066649617,0.0009386462156081277
434100.0,0.9952181437197817,0.0009259225909039002
434200.0,0.9994279079612848,0.0008999723675523372
434300.0,1.0042554669508097,0.0009492808138222719
434400.0,1.0072397561163657,0.0009268617760538691
434500.0,1.003029595454866,0.0010634933958330506
434600.0,0.9918423559670069,0.0009828067298901938
434700.0,0.9975234846390264,0.000977347706885859
434800.0,0.9983150072566547,0.0009043845629877758
434900.0,0.9937503410621661,0.0009110232021695651
435000.0,1.0001123201938618,0.0010187930733534605
435100.0,0.9993656257398863,0.0009847819933106777
435200.0,0.9953175017418193,0.0008648069381977368
435300.0,0.9923475964735097,0.0009594404397471298
435400.0,1.0050405064506767,0.0009076676876189508
435500.0,0.9951505716567713,0.0010377472257697973
435600.0,1.0027572405632534,0.0009143809136502413
435700.0,0.9992711117606572,0.0008319400940456034
435800.0,1.0047937686939774,0.0008650895795905223
435900.0,1.0065702160417138,0.0009930321491680191
436000.0,1.0073301316753847,0.0010732182071842792
436100.0,1.0039258892198395,0.0009239451005935011
436200.0,1.0009040937775187,0.0009529675132638538
436300.0,1.0010679575961554,0.0008785943148981725
436400.0,0.9950286401972389,0.0009284198318601756
436500.0,1.0024168569816825,0.0008244289454659577
436600.0,1.0011411538082253,0.0009382186682087032
436700.0,0.9927603761596439,0.0008680617425251318
436800.0,0.998308404171618,0.0009715065527119471
436900.0,1.000505537361875,0.0010310453985019094
437000.0,1.0027333080270995,0.0011689067470157682
437100.0,1.0055299289355355,0.00090074023231804
437200.0,0.9993542810721071,0.0010162174722125289
437300.0,1.0012162336226953,0.0009512651822277702
437400.0,1.0014640947840296,0.0010934177588774678
437500.0,1.0028752384038122,0.0010876899642977755
437600.0,1.000632253549668,0.0009986461389005974
437700.0,1.0009681196129534,0.0010193262343588115
437800.0,1.004685012743578,0.0009964464748986098
437900.0,1.000158566079841,0.0009988695097874662
438000.0,1.0019618664446122,0.0009262131571790588
438100.0,1.0010405241078668,0.0009654749597864081
438200.0,0.9918400034557281,0.0009958501056126564
438300.0,1.003423484579186,0.0009086115630551345
438400.0,1.001463360544033,0.000998821602661793
438500.0,1.0069032890461898,0.001039195964604205
438600.0,0.9941530038551739,0.0009313277600781569
438700.0,1.0081926552459108,0.0009291664352322497
438800.0,0.996154517982224,0.0010006792138079804
438900.0,0.9952681906437018,0.0009680353420212249
439000.0,0.9991521428633049,0.0008695066914800043
439100.0,0.9982453175095918,0.0009483840515902453
439200.0,1.0008161753544418,0.0009478046867633065
439300.0,0.9942097153511689,0.0009005658263634949
439400.0,0.9999890183281335,0.0010396540788170008
439500.0,0.9977963945079948,0.0009401591149019777
439600.0,1.005428756669508,0.0010634875546496124
439700.0,0.992876655044808,0.0009842759445676855
439800.0,0.9998458632363365,0.0008485507368579661
439900.0,1.0023024927424842,0.001042267213754288
440000.0,0.998972179433868,0.0010238990779497133
440100.0,0.9980783939090068,0.0009845187348325164
440200.0,0.9935387953229382,0.0009122105888128572
440300.0,0.9955005859010072,0.0009360487677534359
440400.0,0.9957469777478294,0.000917366720366791
440500.0,1.00241504594459,0.0009629917756791326
440600.0,0.9976360230359111,0.001036733680480941
440700.0,0.9968083792322852,0.0009741628769048703
440800.0,1.001413610899603,0.0010051489453121716
440900.0,1.000866365708648,0.0009848733179742134
441000.0,1.0058099347184206,0.0008483315869926125
441100.0,1.000511062248884,0.0010118817209582528
441200.0,0.9950329461940799,0.0009746628823338605
441300.0,1.0028205989348513,0.0010200739738583
441400.0,0.9992178488783557,0.0011857350081671816
441500.0,0.9983235710349281,0.0009878857668871
441600.0,0.9992271699262744,0.000996917149723375
441700.0,1.0005359942678738,0.0009990582201301352
441800.0,0.99460976212861,0.0010170248318205938
441900.0,0.9987142288549787,0.0009731502139647433
442000.0,0.996819369653756,0.0009238896632769528
442100.0,0.9972441695055524,0.0010158060458990371
442200.0,1.005442616331991,0.0010739456689356237
442300.0,0.9955101733296955,0.000940380327284402
442400.0,1.003716427110147,0.0010899420906600504
442500.0,1.0006433576333527,0.0010678971447959855
442600.0,1.003381355171103,0.0010788547745170592
442700.0,0.9984592088719875,0.0009920049737179555
442800.0,1.001811426563092,0.0009960840020321728
442900.0,0.9971631829436541,0.0009332186291798044
443000.0,0.9966106969310897,0.0008956486351564242
443100.0,1.0006044864664885,0.001178428455099511
443200.0,0.994969528174291,0.0009806667614685807
443300.0,0.9996566837547564,0.0010356018539639546
443400.0,1.00318362153942,0.000972961881655559
443500.0,0.994676075578852,0.0008574381966466701
443600.0,1.0036113819494596,0.0010250954645277211
443700.0,1.0059529120469894,0.0009567594353443461
443800.0,1.0069998537585518,0.0009969879986377384
443900.0,1.0000311088841691,0.0009467305841161028
444000.0,1.000420758464743,0.0009478180456791722
444100.0,0.9981415451977319,0.0009364119599472753
444200.0,0.995359759085722,0.0009021744269368901
444300.0,1.000052836990648,0.0009583235703724737
444400.0,1.0075361253021666,0.0010015126579244807
444500.0,0.9936744750753864,0.000950046049892754
444600.0,0.9952628534329977,0.0010232134293768117
444700.0,1.0046546843538193,0.001038518409684552
444800.0,1.0012800433665239,0.0009131312682613697
444900.0,1.0020877601040683,0.0010226663208876391
445000.0,0.9983265977582346,0.0009782451449668937
445100.0,1.0082464308162586,0.0009863021437811735
445200.0,0.9997262956841083,0.0011039525464833647
445300.0,0.9972700147758123,0.0010469354453314856
445400.0,0.9958662712303887,0.0008698159122676846
445500.0,1.0019659792254356,0.0011258422341407885
445600.0,0.9987810873485025,0.001004513163376
445700.0,1.0097550830369528,0.0009955663419509546
445800.0,0.9953048261049758,0.0008893963302813318
445900.0,0.9957568985517852,0.00102592163443495
446000.0,0.9984072934934769,0.0010120590973192777
446100.0,1.0095790513537206,0.0010008901228620525
446200.0,0.9988260893562911,0.0009884553870973414
446300.0,1.0020965034535154,0.0009065857046037765
446400.0,1.0011307861556091,0.0010101856644883919
446500.0,1.001349937454603,0.0008623322419492705
446600.0,1.000771944236374,0.0008279511921089803
446700.0,1.0013001391143328,0.0009941808555083218
446800.0,1.0039499411559605,0.0008432973510357881
446900.0,1.0010072582664933,0.0009647742870674143
447000.0,1.0059169880508005,0.0010372945387995807
447100.0,0.9948777155565973,0.0010332162764301002
447200.0,1.0002666720271896,0.0009178808721094966
447300.0,0.9928205854534782,0.0009844642608138757
447400.0,1.0001066172169835,0.0010670320142422212
447500.0,1.0014960341320653,0.0009240710892480666
447600.0,0.9908018450857392,0.0010648860667488104
