Time [ps],MSD Values,Log Time,Log MSD 
0.0,0.0,-inf,-inf
0.0009999999892897904,0.00014071501209400594,6.907755278982137,-8.868773460388184
0.001999999978579581,0.00010796362039400265,7.600902459542082,-9.133716583251953
0.002999999967869371,0.0001165175053756684,8.006367567650246,-9.057469367980957
0.003999999957159162,0.00021558375738095492,8.294049640102028,-8.442160606384277
0.004999999946448952,0.000505552627146244,8.517193191416238,-7.589858531951904
0.005999999993946403,0.0005017449730075896,8.699514748210191,-7.597418785095215
0.006999999983236194,0.0003314678615424782,8.85366542803745,-8.011980056762695
0.007999999972525984,0.00015241661458276212,8.987196820661973,-8.78889274597168
0.008999999961815774,0.0004124774714000523,9.104979856318357,-7.793329238891602
0.009999999951105565,0.0005749287665821612,9.210340371976184,-7.461264610290527
0.010999999998603016,0.0005472137127071619,9.305650551780507,-7.510671138763428
0.011999999987892807,0.0007985940319485962,9.392661928770137,-7.132658004760742
0.012999999977182597,0.0010766925988718867,9.472704636443673,-6.833861351013184
0.013999999966472387,0.0010320512810721993,9.546812608597396,-6.876206874847412
0.014999999955762178,0.0009139003232121468,9.615805480084347,-6.997788906097412
0.015999999945051968,0.0014832913875579834,9.680344001221918,-6.513491630554199
0.01699999999254942,0.0011953384382650256,9.740968623038354,-6.729325771331787
0.01799999998183921,0.0016805409686639905,9.798127036878302,-6.388639450073242
0.018999999971129,0.0011942454148083925,9.852194258148577,-6.730240821838379
0.01999999996041879,0.0012656166218221188,9.903487552536127,-6.672195911407471
0.02099999994970858,0.0009855295065790415,9.95227771670556,-6.9223313331604
0.021999999997206032,0.0012489574728533626,9.998797732340453,-6.685446262359619
0.022999999986495823,0.0012102908222004771,10.043249494911286,-6.716894626617432
0.023999999975785613,0.0009502232423983514,10.085809109330082,-6.958813667297363
0.024999999965075403,0.0010917397448793054,10.126631103850338,-6.819983005523682
0.025999999954365194,0.0009598382166586816,10.165851817003619,-6.9487457275390625
0.026999999943654984,0.0008772647124715149,10.203592144986466,-7.038702011108398
0.027999999991152436,0.0007518507190980017,10.239959789157341,-7.192972660064697
0.028999999980442226,0.0005799068021588027,10.275051108968611,-7.452643394470215
0.029999999969732016,0.000667392392642796,10.308952660644293,-7.312132358551025
0.030999999959021807,0.0005035607027821243,10.341742483467284,-7.593806266784668
0.0319999999483116,0.0004218422691337764,10.373491181781864,-7.77087926864624
0.03299999999580905,0.0004964105901308358,10.404262840448617,-7.608107089996338
0.03399999998509884,0.00041570470784790814,10.4341158035983,-7.7855353355407715
0.03499999997438863,0.0004514607135206461,10.46310334047155,-7.703022003173828
0.03599999996367842,0.000421228411141783,10.491274217438248,-7.772335529327393
0.03699999995296821,0.00011535437806742266,10.51867319162636,-9.06750202178955
0.03800000000046566,0.00010317051783204079,10.545341438708522,-9.17912769317627
0.03899999998975545,0.0002225637435913086,10.571316925111784,-8.410297393798828
0.03999999997904524,0.0002478449314367026,10.596634733096073,-8.30270767211914
0.04099999996833503,0.00015294199693016708,10.621327345686446,-8.785451889038086
0.04199999995762482,3.479043152765371e-05,10.645424897265505,-10.266168594360352
0.04299999994691461,1.1994418855465483e-05,10.668955394675699,-11.331068992614746
0.043999999994412065,4.717695992439985e-05,10.691944912900398,-9.961605072021484
0.044999999983701855,3.5711713280761614e-05,10.714417768752456,-10.240032196044922
0.045999999972991645,0.0001426323433406651,10.736396675471232,-8.855239868164062
0.046999999962281436,3.468372960924171e-05,10.757902880692196,-10.26923942565918
0.047999999951571226,0.00015976515715010464,10.778956289890028,-8.741806030273438
0.04899999999906868,9.344065620098263e-05,10.799575577092764,-9.278183937072754
0.04999999998835847,5.786632755189203e-05,10.819778284410283,-9.75737476348877
0.05099999997764826,4.486414763960056e-05,10.839580911706463,-10.011871337890625
0.05199999996693805,2.8207143259351142e-05,10.858998997563564,-10.475934982299805
0.05299999995622784,4.4614836951950565e-05,10.87804719253426,-10.017443656921387
0.05399999994551763,0.00012042951857438311,10.896739325546411,-9.024445533752441
0.05499999999301508,0.0002524435694795102,10.915088464214607,-8.284322738647461
0.05599999998230487,0.00017320421466138214,10.933106969717286,-8.661039352416992
0.05699999997159466,0.00013981539814267308,10.950806546816688,-8.875187873840332
0.05799999996088445,0.0003990489640273154,10.968198289528557,-7.8264265060424805
0.05899999995017424,0.0002298666804563254,10.985292722887856,-8.378010749816895
0.059999999997671694,0.00022295051894616336,11.002099841204238,-8.408560752868652
0.060999999986961484,0.0005511573981493711,11.018629143155449,-7.503489971160889
0.061999999976251274,0.0006593036814592779,11.03488966402723,-7.324326515197754
0.06299999996554106,0.00042426702566444874,11.05089000537367,-7.765147686004639
0.06399999995483086,0.00030521105509251356,11.06663836234181,-8.094507217407227
0.06499999994412065,0.0004676303651649505,11.082142548877775,-7.667832374572754
0.0659999999916181,0.0005782290827482939,11.097410021008562,-7.455540657043457
0.06699999998090789,0.00034889698144979775,11.112447898373103,-7.960733890533447
0.06799999997019768,0.0007269131601788104,11.127262984158243,-7.226703643798828
0.06899999995948747,0.0007812638068571687,11.141861783579396,-7.154597759246826
0.06999999994877726,0.0010377224534749985,11.156250521031495,-6.870727062225342
0.07099999999627471,0.0002621672465465963,11.170435156023453,-8.246527671813965
0.0719999999855645,0.00015036476543173194,11.184421397998193,-8.802446365356445
0.07299999997485429,3.528239903971553e-05,11.198214720130528,-10.252126693725586
0.07399999996414408,3.5142940760124475e-05,11.211820372186306,-10.256086349487305
0.07499999995343387,6.065866909921169e-05,11.225243392518447,-9.710247993469238
0.07600000000093132,9.583980863681063e-05,11.238488619268468,-9.252832412719727
0.07699999999022111,0.00014680252934340388,11.251560700835821,-8.826422691345215
0.0779999999795109,0.00013198245142120868,11.26446410567173,-8.932841300964355
0.0789999999688007,0.00011650461965473369,11.27720313144916,-9.05757999420166
0.07999999995809048,0.0002281353808939457,11.289781913656018,-8.385571479797363
0.08099999994738027,0.0002821664384100586,11.302204433654575,-8.173013687133789
0.08199999999487773,0.0005588136264123023,11.314474526246391,-7.489694595336914
0.08299999998416752,0.0004145525163039565,11.326595886778735,-7.788311004638672
0.0839999999734573,0.000547113420907408,11.33857207782545,-7.510854244232178
0.0849999999627471,0.0010492437286302447,11.350406535472453,-6.85968542098999
0.08599999995203689,0.0011761439964175224,11.362102575235644,-6.745513916015625
0.08699999999953434,0.0007186898146755993,11.37366339763672,-7.2380805015563965
0.08799999998882413,0.0010967606212943792,11.385092093460344,-6.815394401550293
0.08899999997811392,0.0014888430014252663,11.396391648714276,-6.509756088256836
0.08999999996740371,0.001719888998195529,11.407564949312402,-6.365495681762695
0.0909999999566935,0.0019596589263528585,11.418614785498987,-6.234984874725342
0.09199999994598329,0.0028280674014240503,11.429543856031177,-5.868161678314209
0.09299999999348074,0.00408623181283474,11.440354772135393,-5.500132083892822
0.09399999998277053,0.0038895129691809416,11.451050061252142,-5.549471378326416
0.09499999997206032,0.003256071824580431,11.461632170582678,-5.72723388671875
0.09599999996135011,0.002788386307656765,11.472103470449973,-5.8822922706604
0.0969999999506399,0.003365925746038556,11.48246625748552,-5.694052219390869
0.09799999999813735,0.004021161701530218,11.49272275765271,-5.516184329986572
0.09899999998742715,0.004839193541556597,11.502875129116727,-5.33100700378418
0.19899999996414408,0.007837245240807533,11.512925464970229,-4.848867893218994
0.2989999999990687,0.0047720447182655334,11.522875795823397,-5.344980239868164
0.3989999999757856,0.0069227744825184345,11.532728092266408,-4.972938537597656
0.49899999995250255,0.011665869504213333,11.542484267211773,-4.451087951660156
0.5989999999874271,0.01872124709188938,11.55214617812351,-3.9780962467193604
0.6989999999641441,0.019367165863513947,11.56171562913966,-3.944176197052002
0.7989999999990687,0.05082133784890175,11.571194373094205,-2.9794390201568604
0.8989999999757856,0.05847347155213356,11.580584113444043,-2.839182138442993
0.9989999999525025,0.05225745961070061,11.589886506106357,-2.9515726566314697
1.0989999999874271,0.04317318648099899,11.59910316121128,-3.14253568649292
1.198999999964144,0.04687456041574478,11.608235644774552,-3.0602803230285645
1.2989999999990687,0.026473393663764,11.617285480294472,-3.631615161895752
1.3989999999757856,0.011363082565367222,11.626254150277232,-4.477385520935059
1.4989999999525025,0.0042803967371582985,11.635143097694478,-5.453709602355957
1.5989999999874271,0.019067605957388878,11.643953727376633,-3.9597644805908203
1.698999999964144,0.04238162189722061,11.652687407345388,-3.1610405445098877
1.7989999999990687,0.052267249673604965,11.661345470088502,-2.951385259628296
1.8989999999757856,0.04624200984835625,11.669929213779893,-3.073866605758667
1.9989999999525025,0.028444571420550346,11.678439903447801,-3.559798002243042
2.098999999987427,0.03500065207481384,11.686878772093667,-3.352388620376587
2.198999999964144,0.07925792783498764,11.695247021764184,-2.535047769546509
2.2989999999990687,0.09218389540910721,11.703545824578878,-2.383969783782959
2.3989999999757856,0.04950914531946182,11.711776323715394,-3.0055978298187256
2.4989999999525025,0.06989551335573196,11.719939634354555,-2.6607537269592285
2.598999999987427,0.10030359774827957,11.728036844587175,-2.299553632736206
2.698999999964144,0.10409976541996002,11.736069016284437,-2.2624056339263916
2.7989999999990687,0.06401430070400238,11.744037185933616,-2.7486488819122314
2.8989999999757856,0.06760621070861816,11.751942365440728,-2.6940555572509766
2.9989999999525025,0.03543902561068535,11.759785542901755,-3.3399417400360107
3.098999999987427,0.03220929950475693,11.76756768334381,-3.435500144958496
3.198999999964144,0.0537644624710083,11.77528972943772,-2.923142671585083
3.2989999999990687,0.052505385130643845,11.782952602183288,-2.9468395709991455
3.3989999999757856,0.02995486557483673,11.790557201568507,-3.508063554763794
3.4989999999525025,0.033199626952409744,11.79810440720389,-3.405216693878174
3.598999999987427,0.018446141853928566,11.805595078933049,-3.9929001331329346
3.698999999964144,0.039386164397001266,11.813030057420567,-3.2343406677246094
3.7989999999990687,0.026634708046913147,11.820410164718188,-3.625540018081665
3.8989999999757856,0.027023572474718094,11.827736204810263,-3.6110458374023438
3.9989999999525025,0.02271636202931404,11.835008964139341,-3.784669876098633
4.098999999987427,0.026275308802723885,11.842229212112828,-3.6391255855560303
4.198999999964144,0.07169780135154724,11.84939770159144,-2.6352951526641846
4.298999999999069,0.05697162449359894,11.856515169360305,-2.865201950073242
4.398999999975786,0.06852097809314728,11.863582336583399,-2.6806154251098633
4.4989999999525025,0.07249240577220917,11.870599909242044,-2.6242735385894775
4.598999999987427,0.06275483220815659,11.877568578558138,-2.768519639968872
4.698999999964144,0.1094944030046463,11.884489021402711,-2.2118818759918213
4.798999999999069,0.09279817342758179,11.891361900690473,-2.377328395843506
4.898999999975786,0.11648201197385788,11.898187865760873,-2.1500184535980225
4.9989999999525025,0.08874859660863876,11.904967552746252,-2.421947717666626
5.098999999987427,0.11304745078086853,11.911701584927597,-2.1799476146698
5.198999999964144,0.11759813874959946,11.918390573078392,-2.140482187271118
5.298999999999069,0.13754630088806152,11.925035115797062,-1.9837946891784668
5.398999999975786,0.1644681692123413,11.931635799828413,-1.8050382137298584
5.4989999999525025,0.17023271322250366,11.938193200374572,-1.7705888748168945
5.598999999987427,0.19396638870239258,11.944707881395766,-1.6400704383850098
5.698999999964144,0.1780654340982437,11.951180395901384,-1.7256041765213013
5.798999999999069,0.16491885483264923,11.957611286231675,-1.8023016452789307
5.898999999975786,0.12173378467559814,11.964001084330445,-2.1059186458587646
5.9989999999525025,0.10728941112756729,11.970350312009105,-2.2322254180908203
6.098999999987427,0.06272916495800018,11.976659481202368,-2.7689287662506104
6.198999999964144,0.07306119054555893,11.982929094215963,-2.616457939147949
6.298999999999069,0.100523941218853,11.9891596439666,-2.2973594665527344
6.398999999975786,0.06979697942733765,11.99535161421452,-2.6621644496917725
6.4989999999525025,0.12347158044576645,12.0015054797889,-2.0917441844940186
6.598999999987427,0.1280314028263092,12.007621706806335,-2.0554797649383545
6.698999999964144,0.1372057944536209,12.013700752882718,-1.9862732887268066
6.798999999999069,0.11140424758195877,12.01974306733868,-2.194589853286743
6.898999999975786,0.08992311358451843,12.025749091398891,-2.4088003635406494
6.9989999999525025,0.0873943343758583,12.031719258385396,-2.4373247623443604
7.098999999987427,0.074617400765419,12.037653993905211,-2.595381498336792
7.198999999964144,0.06981879472732544,12.043553716032399,-2.6618521213531494
7.298999999999069,0.043373849242925644,12.049418835484797,-3.1378984451293945
7.398999999975786,0.05113879591226578,12.05524975579559,-2.9732117652893066
7.4989999999525025,0.05777581408619881,12.061046873479915,-2.8511850833892822
7.598999999987427,0.06655172258615494,12.066810578196666,-2.709775924682617
7.698999999964144,0.040498703718185425,12.072541252905651,-3.2064852714538574
7.798999999999069,0.06501054763793945,12.078239274020289,-2.733205795288086
7.898999999975786,0.07728718221187592,12.083905011555967,-2.560227155685425
7.9989999999525025,0.11375682055950165,12.089538829274222,-2.173692226409912
8.098999999987427,0.09885113686323166,12.095141084822892,-2.3141403198242188
8.198999999964144,0.09600135684013367,12.100712129872347,-2.343392848968506
8.298999999999069,0.10010524094104767,12.106252310247962,-2.3015332221984863
8.398999999975786,0.11009864509105682,12.111761966058932,-2.20637845993042
8.498999999952503,0.09318085014820099,12.117241431823558,-2.373213052749634
8.598999999987427,0.05776253342628479,12.122691036591123,-2.851414918899536
8.698999999964144,0.08753916621208191,12.128111104060462,-2.4356689453125
8.798999999999069,0.07543183863162994,12.133501952695338,-2.5845258235931396
8.898999999975786,0.06599041819572449,12.138863895836725,-2.7182457447052
8.998999999952503,0.07203877717256546,12.144197241812087,-2.6305508613586426
9.098999999987427,0.04755859822034836,12.14950229404178,-3.045792579650879
9.198999999964144,0.052396614104509354,12.154779351142624,-2.948913335800171
9.298999999999069,0.04336860775947571,12.160028707028767,-3.138019561767578
9.398999999975786,0.011253920383751392,12.165250651009918,-4.487038612365723
9.498999999952503,0.013170978985726833,12.170445467887022,-4.329739570617676
9.598999999987427,0.01030808873474598,12.175613438045465,-4.574826240539551
9.698999999964144,0.02639774978160858,12.180754837545884,-3.63447642326355
9.798999999999069,0.017174463719129562,12.185869938212655,-4.064331531524658
9.898999999975786,0.030580954626202583,12.190959007720126,-3.487377882003784
9.998999999952503,0.02806944213807583,12.196022309676673,-3.5730738639831543
10.098999999987427,0.008845201693475246,12.201060103706629,-4.727880001068115
10.198999999964144,0.018209289759397507,12.206072645530174,-4.005823612213135
10.298999999999069,0.005885606165975332,12.211060187041213,-5.1352458000183105
10.398999999975786,0.008513747714459896,12.216022976383341,-4.766073226928711
10.498999999952503,0.003039616858586669,12.220961258023925,-5.796023845672607
10.598999999987427,0.010501510463654995,12.225875272826354,-4.556236267089844
10.698999999964144,0.009504607878625393,12.230765258120545,-4.655978679656982
10.798999999999069,0.02845911495387554,12.235631447771718,-3.5592868328094482
10.898999999975786,0.01450545247644186,12.240474072247506,-4.2332305908203125
10.998999999952503,0.007680143229663372,12.245293358683455,-4.869117259979248
11.098999999987427,0.001640583504922688,12.250089530946948,-6.412703514099121
11.198999999964144,0.0019675458315759897,12.254862809699606,-6.230968475341797
11.298999999999069,0.006045097950845957,12.259613412458204,-5.1085076332092285
11.398999999975786,0.031232910230755806,12.26434155365415,-3.466282844543457
11.498999999952503,0.04127851128578186,12.269047444691562,-3.187413215637207
11.598999999987427,0.03322111815214157,12.273731294003989,-3.404569625854492
11.698999999964144,0.06695539504289627,12.2783933071098,-2.703728675842285
11.798999999999069,0.09115435183048248,12.283033686666302,-2.3952012062072754
11.898999999975786,0.07842325419187546,12.287652632522597,-2.5456347465515137
11.998999999952503,0.06101873517036438,12.292250341771226,-2.796574354171753
12.098999999987427,0.04422633349895477,12.296827008798639,-3.1184349060058594
12.198999999964144,0.08762316405773163,12.301382825334498,-2.4347100257873535
12.298999999999069,0.11177726089954376,12.30591798049989,-2.1912472248077393
12.398999999975786,0.1580524444580078,12.310432660854417,-1.8448283672332764
12.498999999952503,0.08433458209037781,12.314927050442256,-2.472963333129883
12.598999999987427,0.039818473160266876,12.319401330837177,-3.2234244346618652
12.698999999964144,0.028934691101312637,12.323855681186558,-3.5427141189575195
12.798999999999069,0.029944317415356636,12.328290278254423,-3.508415699005127
12.898999999975786,0.017182091251015663,12.332705296463539,-4.063887596130371
12.998999999952503,0.009594477713108063,12.337100907936577,-4.6465678215026855
13.098999999987427,0.006116262637078762,12.341477282536376,-5.096804141998291
13.198999999964144,0.0058118621818721294,12.345834587905333,-5.147854328155518
13.298999999999069,0.00022169903968460858,12.35017298950393,-8.414189338684082
13.398999999975786,0.013124686665832996,12.354492650648448,-4.333260536193848
13.498999999952503,0.011024673469364643,12.358793732547838,-4.507619380950928
13.598999999987427,0.0022775016259402037,12.363076394339839,-6.084676265716553
13.698999999964144,0.0062429700046777725,12.367340793126296,-5.07629919052124
13.798999999999069,0.014744221232831478,12.371587084007746,-4.216904163360596
13.898999999975786,0.03913995251059532,12.375815420117268,-3.2406115531921387
13.998999999952503,0.028665730729699135,12.380025952653611,-3.5520529747009277
14.098999999987427,0.0194858331233263,12.384218830913648,-3.938067674636841
14.198999999964144,0.02516259253025055,12.388394202324129,-3.68239688873291
14.298999999999069,0.03077607788145542,12.392552212472792,-3.481017589569092
14.398999999975786,0.013964777812361717,12.396693005138824,-4.271216869354248
14.498999999952503,0.008386204019188881,12.400816722322686,-4.781167507171631
14.598999999987427,0.014603258110582829,12.404923504275338,-4.226510524749756
14.698999999964144,0.01423264853656292,12.409013489526863,-4.252216815948486
14.798999999999069,0.023887760937213898,12.4130868149145,-3.734389066696167
14.898999999975786,0.021060755476355553,12.417143615610113,-3.8603439331054688
14.998999999952503,0.036931704729795456,12.421184025147118,-3.29868483543396
15.098999999987427,0.06554105877876282,12.425208175446844,-2.725078582763672
15.198999999964144,0.09601066261529922,12.429216196844383,-2.3432960510253906
15.298999999999069,0.12433485686779022,12.43320821811392,-2.0847768783569336
15.398999999975786,0.1986512988805771,12.437184366493561,-1.6162042617797852
15.498999999952503,0.22063545882701874,12.441144767709657,-1.511243462562561
15.598999999987427,0.13976210355758667,12.445089546000673,-1.9678136110305786
15.698999999964144,0.1243734285235405,12.449018824140563,-2.0844666957855225
15.798999999999069,0.16735734045505524,12.4529327234617,-1.7876240015029907
15.898999999975786,0.22027547657489777,12.456831363877356,-1.5128763914108276
15.998999999952503,0.1527850478887558,12.460714863903755,-1.8787232637405396
16.098999999987427,0.1380430907011032,12.464583340681674,-1.9801894426345825
16.198999999964144,0.15263092517852783,12.468436909997665,-1.8797324895858765
16.29899999999907,0.21584156155586243,12.47227568630483,-1.5332106351852417
16.398999999975786,0.17387224733829498,12.476099782743233,-1.749434471130371
16.498999999952503,0.09477927535772324,12.479909311159902,-2.3562045097351074
16.598999999987427,0.08044495433568954,12.483704382128453,-2.5201821327209473
16.698999999964144,0.107920341193676,12.487485104968359,-2.2263619899749756
16.79899999999907,0.050830937922000885,12.491251587763836,-2.979250192642212
16.898999999975786,0.05660230293869972,12.495003937382387,-2.8717055320739746
16.998999999952503,0.04966418072581291,12.498742259492994,-3.0024712085723877
17.098999999987427,0.03110690601170063,12.502466658583977,-3.470325469970703
17.198999999964144,0.04934672266244888,12.506177237980511,-3.0088839530944824
17.29899999999907,0.07173347473144531,12.509874099861838,-2.6347978115081787
17.398999999975786,0.08038194477558136,12.513557345278134,-2.520965576171875
17.498999999952503,0.07227347791194916,12.517227074167097,-2.62729811668396
17.598999999987427,0.16970010101795197,12.520883385370206,-1.773722529411316
17.698999999964144,0.1777583509683609,12.524526376648708,-1.727330207824707
17.79899999999907,0.1422361582517624,12.528156144699286,-1.9502664804458618
17.898999999975786,0.16021542251110077,12.531772785169476,-1.8312360048294067
17.998999999952503,0.12711583077907562,12.535376392672774,-2.0626566410064697
18.098999999987427,0.10270623862743378,12.538967060803502,-2.2758824825286865
18.198999999964144,0.08712348341941833,12.542544882151386,-2.4404287338256836
18.29899999999907,0.07318763434886932,12.546109948315882,-2.6147289276123047
18.398999999975786,0.06440053880214691,12.54966234992025,-2.74263334274292
18.498999999952503,0.03147801011800766,12.553202176625375,-3.458466053009033
18.598999999987427,0.03497495502233505,12.556729517143344,-3.3531229496002197
18.698999999964144,0.020106429234147072,12.560244459250788,-3.9067156314849854
18.79899999999907,0.04297150298953056,12.56374708980199,-3.1472182273864746
18.898999999975786,0.030262963846325874,12.567237494741757,-3.497830629348755
18.998999999952503,0.04285105690360069,12.570715759118084,-3.150024890899658
19.098999999987427,0.07588467001914978,12.57418196709457,-2.578540563583374
19.198999999964144,0.035105153918266296,12.577636201962656,-3.349407434463501
19.29899999999907,0.050320979207754135,12.581078546153629,-2.989333152770996
19.398999999975786,0.08897782117128372,12.584509081250419,-2.419368267059326
19.498999999952503,0.08244249224662781,12.587927887999204,-2.495654344558716
19.598999999987427,0.07989054918289185,12.591335046320818,-2.527097702026367
19.698999999964144,0.10766419768333435,12.594730635321957,-2.228738307952881
19.79899999999907,0.06525394320487976,12.598114733306197,-2.729468822479248
19.898999999975786,0.0756010115146637,12.601487417784837,-2.5822856426239014
19.998999999952503,0.06249823421239853,12.604848765487542,-2.7726171016693115
20.098999999987427,0.07075473666191101,12.608198852372823,-2.64853572845459
20.198999999964144,0.08083552122116089,12.611537753638338,-2.515338897705078
20.29899999999907,0.04449928551912308,12.614865543731012,-3.1122822761535645
20.398999999975786,0.10228093713521957,12.618182296357007,-2.28003191947937
20.498999999952503,0.07501507550477982,12.621488084491506,-2.5900661945343018
20.598999999987427,0.07749255746603012,12.624782980388359,-2.5575733184814453
20.698999999964144,0.04269899055361748,12.628067055589549,-3.1535799503326416
20.79899999999907,0.04655562713742256,12.631340380934517,-3.0671074390411377
20.898999999975786,0.031237050890922546,12.634603026569334,-3.4661502838134766
20.998999999952503,0.03715674206614494,12.637855061955712,-3.2926101684570312
21.098999999987427,0.07268498092889786,12.641096555879882,-2.6216204166412354
21.198999999964144,0.10335784405469894,12.644327576461329,-2.2695581912994385
21.29899999999907,0.07274602353572845,12.647548191161372,-2.6207809448242188
21.398999999975786,0.06327865272760391,12.65075846679162,-2.760207176208496
21.498999999952503,0.06741296499967575,12.65395846952229,-2.69691801071167
21.598999999987427,0.07777970284223557,12.65714826489039,-2.5538747310638428
21.698999999964144,0.08446422964334488,12.66032791780777,-2.4714272022247314
21.79899999999907,0.03906725347042084,12.66349749256905,-3.2424707412719727
21.898999999975786,0.062419626861810684,12.666657052859417,-2.7738754749298096
21.998999999952503,0.0737195611000061,12.669806661762314,-2.607487201690674
22.098999999987427,0.048945680260658264,12.672946381766982,-3.0170440673828125
22.198999999964144,0.04924728721380234,12.676076274775909,-3.0109009742736816
22.29899999999907,0.03217851370573044,12.679196402112153,-3.4364564418792725
22.398999999975786,0.020961198955774307,12.682306824526545,-3.865082263946533
22.498999999952503,0.004723864607512951,12.685407602204794,-5.355128288269043
22.598999999987427,0.009784599766135216,12.688498794774466,-4.626945495605469
22.698999999964144,0.003809078596532345,12.691580461311874,-5.570367813110352
22.79899999999907,0.009121640585362911,12.694652660348845,-4.697105407714844
22.898999999975786,0.015563840046525002,12.697715449879391,-4.162805080413818
22.998999999952503,0.026967177167534828,12.70076888736628,-3.6131348609924316
23.098999999987427,0.05122793838381767,12.70381302974751,-2.9714701175689697
23.198999999964144,0.08689504861831665,12.706847933442663,-2.44305419921875
23.29899999999907,0.0879465863108635,12.7098736543592,-2.431025505065918
23.398999999975786,0.12841671705245972,12.712890247898626,-2.0524747371673584
23.498999999952503,0.1977558732032776,12.71589776896258,-1.6207219362258911
23.598999999987427,0.20086431503295898,12.718896271958837,-1.6051256656646729
23.698999999964144,0.1042100042104721,12.721885810807203,-2.2613470554351807
23.79899999999907,0.1359482854604721,12.724866438945341,-1.9954807758331299
23.898999999975786,0.13589520752429962,12.727838209334498,-1.9958711862564087
23.998999999952503,0.08491595089435577,12.730801174465157,-2.4660933017730713
24.098999999987427,0.12458719313144684,12.733755386362587,-2.082749366760254
24.198999999964144,0.1227550134062767,12.736700896592344,-2.097564697265625
24.29899999999907,0.1206178218126297,12.739637756265655,-2.1151282787323
24.398999999975786,0.16300465166568756,12.742566016044742,-1.813976526260376
24.498999999952503,0.12500809133052826,12.745485726148077,-2.0793769359588623
24.598999999987427,0.11816535145044327,12.748396936355535,-2.1356704235076904
24.698999999964144,0.13637380301952362,12.751299696013497,-1.9923555850982666
24.79899999999907,0.19434989988803864,12.75419405403986,-1.6380951404571533
24.898999999975786,0.16138218343257904,12.757080058928997,-1.8239798545837402
24.998999999952503,0.1666567027568817,12.759957758756611,-1.7918193340301514
25.098999999987427,0.20051638782024384,12.762827201184564,-1.6068593263626099
25.198999999964144,0.15380068123340607,12.765688433465597,-1.8720977306365967
25.29899999999907,0.14461638033390045,12.768541502448002,-1.9336706399917603
25.398999999975786,0.11206833273172379,12.771386454580234,-2.1886465549468994
25.498999999952503,0.07452809065580368,12.774223335915433,-2.596579074859619
25.598999999987427,0.04925435781478882,12.777052192115912,-3.0107574462890625
25.698999999964144,0.06607755273580551,12.779873068457553,-2.716926097869873
25.79899999999907,0.07567005604505539,12.782686009834167,-2.5813727378845215
25.898999999975786,0.09347566962242126,12.785491060761776,-2.370054244995117
25.998999999952503,0.07047436386346817,12.788288265382837,-2.6525063514709473
26.098999999987427,0.11474321037530899,12.791077667470416,-2.1650586128234863
26.198999999964144,0.12588199973106384,12.793859310432293,-2.0724103450775146
26.29899999999907,0.11440818756818771,12.796633237315017,-2.167982578277588
26.398999999975786,0.09072321653366089,12.799399490807907,-2.399941921234131
26.498999999952503,0.1377127319574356,12.802158113246987,-1.9825854301452637
26.598999999987427,0.10825549066066742,12.804909146618877,-2.2232611179351807
26.698999999964144,0.13028106093406677,12.80765263256463,-2.0380611419677734
26.79899999999907,0.13011851906776428,12.810388612383504,-2.039309501647949
26.898999999975786,0.1845061033964157,12.813117127036707,-1.690072774887085
26.998999999952503,0.1192958727478981,12.815838217151068,-2.1261484622955322
27.098999999987427,0.11248589307069778,12.818551923022664,-2.184927463531494
27.198999999964144,0.13536933064460754,12.821258284620408,-1.9997484683990479
27.29899999999907,0.15968506038188934,12.823957341589573,-1.8345518112182617
27.398999999975786,0.1305609792470932,12.826649133255284,-2.035914897918701
27.498999999952503,0.160584956407547,12.829333698625952,-1.8289321660995483
27.598999999987427,0.127243310213089,12.832011076396668,-2.0616540908813477
27.698999999964144,0.09114450961351395,12.834681304952548,-2.3953089714050293
27.79899999999907,0.08677659183740616,12.837344422372032,-2.444418430328369
27.898999999975786,0.1420871913433075,12.840000466430148,-1.9513144493103027
27.998999999952503,0.14278444647789001,12.842649474601725,-1.9464191198349
28.098999999987427,0.1744290143251419,12.845291484064564,-1.7462373971939087
28.198999999964144,0.1503675878047943,12.84792653170257,-1.8946723937988281
28.29899999999907,0.11169061064720154,12.850554654108839,-2.1920225620269775
28.398999999975786,0.15169042348861694,12.853175887588712,-1.8859134912490845
28.498999999952503,0.12427257001399994,12.855790268162783,-2.085278034210205
28.598999999987427,0.06831347197294235,12.858397831569864,-2.6836483478546143
28.698999999964144,0.046281084418296814,12.86099861326992,-3.07302188873291
28.79899999999907,0.07213717699050903,12.863592648446968,-2.629185676574707
28.898999999975786,0.06828662753105164,12.866179972011919,-2.6840412616729736
28.998999999952503,0.06558510661125183,12.86876061860541,-2.7244067192077637
29.098999999987427,0.0797756239771843,12.871334622600584,-2.5285372734069824
29.198999999964144,0.05468419939279556,12.873902018105829,-2.9061803817749023
29.29899999999907,0.14529500901699066,12.876462838967504,-1.928989052772522
29.398999999975786,0.18586577475070953,12.8790171187726,-1.6827305555343628
29.498999999952503,0.193643718957901,12.881564890851399,-1.641735315322876
29.598999999987427,0.1873462200164795,12.884106188280072,-1.6747969388961792
29.698999999964144,0.13818436861038208,12.886641043883259,-1.9791665077209473
29.79899999999907,0.19959832727909088,12.889169490236618,-1.6114482879638672
29.898999999975786,0.2183314710855484,12.891691559669328,-1.5217409133911133
29.998999999952503,0.31030043959617615,12.894207284266574,-1.170214295387268
30.098999999987427,0.24445755779743195,12.896716695872,-1.4087135791778564
30.198999999964144,0.14742213487625122,12.89921982609012,-1.9144551753997803
30.29899999999907,0.10527564585208893,12.901716706288706,-2.251173257827759
30.398999999975786,0.1216280534863472,12.904207367601158,-2.10678768157959
30.498999999952503,0.22383064031600952,12.90669184092882,-1.4968656301498413
30.598999999987427,0.25399312376976013,12.909170156943286,-1.370448112487793
30.698999999964144,0.19966699182987213,12.911642346088676,-1.6111043691635132
30.79899999999907,0.20309993624687195,12.91410843858387,-1.5940570831298828
30.898999999975786,0.13753268122673035,12.916568464424731,-1.9838937520980835
30.998999999952503,0.21078746020793915,12.9190224533863,-1.556904911994934
31.098999999987427,0.18422824144363403,12.921470435024938,-1.691579818725586
31.198999999964144,0.18379822373390198,12.92391243868049,-1.6939167976379395
31.29899999999907,0.20797809958457947,12.926348493478372,-1.5703225135803223
31.398999999975786,0.20431570708751678,12.928778628331663,-1.588088870048523
31.498999999952503,0.22788968682289124,12.931202871943169,-1.4788936376571655
31.598999999987427,0.20246872305870056,12.933621252807452,-1.5971698760986328
31.698999999964144,0.28666359186172485,12.936033799212835,-1.249445915222168
31.79899999999907,0.30016979575157166,12.9384405392434,-1.2034069299697876
31.898999999975786,0.2348107397556305,12.94084150078094,-1.4489754438400269
31.998999999952503,0.2642369270324707,12.943236711506893,-1.3309091329574585
32.09899999998743,0.33287936449050903,12.945626198904275,-1.0999751091003418
32.198999999964144,0.34450435638427734,12.948009990259552,-1.0656485557556152
32.29899999999907,0.20443011820316315,12.950388112664518,-1.5875290632247925
32.398999999975786,0.23744948208332062,12.952760593018148,-1.437800407409668
32.4989999999525,0.26461073756217957,12.955127458028414,-1.3294954299926758
32.59899999998743,0.19110961258411407,12.957488734214095,-1.6549081802368164
32.698999999964144,0.2061784267425537,12.959844447906553,-1.5790133476257324
32.79899999999907,0.16643637418746948,12.962194625251508,-1.7931421995162964
32.898999999975786,0.2751270830631256,12.96453929221076,-1.2905222177505493
32.9989999999525,0.29892292618751526,12.966878474563934,-1.2075694799423218
33.09899999998743,0.26421457529067993,12.969212197910155,-1.3309937715530396
33.198999999964144,0.2782697379589081,12.971540487669746,-1.2791643142700195
33.29899999999907,0.32376107573509216,12.973863369085885,-1.1277494430541992
33.398999999975786,0.3206295073032379,12.976180867226248,-1.1374690532684326
33.4989999999525,0.3029874861240387,12.978493006984626,-1.1940637826919556
33.59899999998743,0.2721709907054901,12.980799813082541,-1.301324725151062
33.698999999964144,0.2143474519252777,12.983101310070822,-1.5401569604873657
33.79899999999907,0.18478991091251373,12.985397522331171,-1.6885356903076172
33.898999999975786,0.1999398171901703,12.987688474077727,-1.609738826751709
33.9989999999525,0.1683466136455536,12.989974189358584,-1.7817301750183105
34.09899999998743,0.18798206746578217,12.992254692057308,-1.6714086532592773
34.198999999964144,0.17282485961914062,12.994530005894443,-1.7554765939712524
34.29899999999907,0.25311967730522156,12.996800154428984,-1.373892903327942
34.398999999975786,0.19025598466396332,12.999065161059836,-1.659384846687317
34.4989999999525,0.24333374202251434,13.001325049027272,-1.4133213758468628
34.59899999998743,0.24285148084163666,13.003579841414362,-1.415305256843567
34.698999999964144,0.2053014487028122,13.005829561148378,-1.5832759141921997
34.79899999999907,0.1902540773153305,13.008074231002201,-1.6593948602676392
34.898999999975786,0.24072852730751038,13.010313873595706,-1.4240853786468506
34.9989999999525,0.18037916719913483,13.012548511397123,-1.7126941680908203
35.09899999998743,0.13570359349250793,13.01477816672439,-1.9972822666168213
35.198999999964144,0.1819184571504593,13.017002861746503,-1.7041966915130615
35.29899999999907,0.1692328155040741,13.019222618484815,-1.776479959487915
35.398999999975786,0.22638927400112152,13.021437458814368,-1.4854992628097534
35.4989999999525,0.20597527921199799,13.023647404465171,-1.5799990892410278
35.59899999998743,0.18972943723201752,13.025852477023484,-1.6621562242507935
35.698999999964144,0.21801593899726868,13.028052697933088,-1.5231871604919434
35.79899999999907,0.21477825939655304,13.030248088496522,-1.538149118423462
35.898999999975786,0.19500337541103363,13.032438669876342,-1.6347384452819824
35.9989999999525,0.2174193263053894,13.034624463096321,-1.5259274244308472
36.09899999998743,0.21468302607536316,13.036805489042683,-1.5385925769805908
36.198999999964144,0.20617404580116272,13.038981768465277,-1.5790345668792725
36.29899999999907,0.27079132199287415,13.041153321978786,-1.3064067363739014
36.398999999975786,0.26524481177330017,13.043320170063875,-1.3271020650863647
36.4989999999525,0.23126262426376343,13.045482333068371,-1.4642013311386108
36.59899999998743,0.2151564508676529,13.047639831208393,-1.5363898277282715
36.698999999964144,0.14300380647182465,13.049792684569493,-1.9448840618133545
36.79899999999907,0.1586478054523468,13.051940913107783,-1.8410686254501343
36.898999999975786,0.23961685597896576,13.054084536651034,-1.4287140369415283
36.9989999999525,0.299664705991745,13.056223574899784,-1.205091118812561
37.09899999998743,0.29500365257263184,13.058358047428417,-1.2207674980163574
37.198999999964144,0.3434934914112091,13.060487973686241,-1.068587064743042
37.29899999999907,0.3115374743938446,13.062613372998555,-1.1662356853485107
37.398999999975786,0.38481807708740234,13.064734264567692,-0.9549845457077026
37.4989999999525,0.38226425647735596,13.06685066747407,-0.9616430997848511
37.59899999998743,0.3164195418357849,13.068962600677214,-1.150686264038086
37.698999999964144,0.3032127320766449,13.071070083016778,-1.193320631980896
37.79899999999907,0.23108872771263123,13.073173133213556,-1.4649535417556763
37.898999999975786,0.2553621232509613,13.075271769870477,-1.3650726079940796
37.9989999999525,0.33942124247550964,13.077366011473593,-1.08051335811615
38.09899999998743,0.33876946568489075,13.079455876393052,-1.0824354887008667
38.198999999964144,0.3241106867790222,13.081541382884074,-1.126670241355896
38.29899999999907,0.3131312131881714,13.083622549087899,-1.1611329317092896
38.398999999975786,0.29322919249534607,13.085699393032737,-1.226800799369812
38.4989999999525,0.31962850689888,13.087771932634709,-1.1405959129333496
38.59899999998743,0.2468966841697693,13.089840185698769,-1.3987853527069092
38.698999999964144,0.3205298185348511,13.091904169919621,-1.137779951095581
38.79899999999907,0.33255523443222046,13.093963902882631,-1.1009492874145508
38.898999999975786,0.3681219220161438,13.096019402064726,-0.9993411302566528
38.9989999999525,0.3035166561603546,13.098070684835283,-1.1923187971115112
39.09899999998743,0.3554760217666626,13.10011776845701,-1.0342974662780762
39.198999999964144,0.3286442458629608,13.102160670086809,-1.1127793788909912
39.29899999999907,0.22075650095939636,13.104199406776658,-1.510694980621338
39.398999999975786,0.2154156118631363,13.106233995474446,-1.5351860523223877
39.4989999999525,0.26744213700294495,13.108264453024827,-1.3188520669937134
39.59899999998743,0.26578566431999207,13.110290796170059,-1.325065016746521
39.698999999964144,0.31217440962791443,13.112313041550827,-1.1641932725906372
39.79899999999907,0.3734913170337677,13.114331205707064,-0.9848605394363403
39.898999999975786,0.2905975580215454,13.116345305078767,-1.2358158826828003
39.9989999999525,0.23833435773849487,13.11835535600679,-1.434080719947815
40.09899999998743,0.33942463994026184,13.120361374733656,-1.0805033445358276
40.198999999964144,0.3117673993110657,13.122363377404328,-1.165497899055481
40.29899999999907,0.3144400417804718,13.124361380067002,-1.1569619178771973
40.398999999975786,0.3295336067676544,13.126355398673866,-1.110076904296875
40.4989999999525,0.3180287778377533,13.128345449081877,-1.145613431930542
40.59899999998743,0.23910000920295715,13.130331547053506,-1.4308733940124512
40.698999999964144,0.32110631465911865,13.132313708257497,-1.1359829902648926
40.79899999999907,0.2881401777267456,13.134291948269603,-1.2443082332611084
40.898999999975786,0.28623077273368835,13.13626628257332,-1.2509568929672241
40.9989999999525,0.2813519537448883,13.138236726560619,-1.2681488990783691
41.09899999998743,0.3652585446834564,13.14020329553266,-1.0071498155593872
41.198999999964144,0.3573657274246216,13.142166004700508,-1.0289955139160156
41.29899999999907,0.3526567816734314,13.144124869185841,-1.042259931564331
41.398999999975786,0.43034985661506653,13.146079904021645,-0.8431567549705505
41.4989999999525,0.4085704982280731,13.148031124152906,-0.8950908184051514
41.59899999998743,0.389094740152359,13.149978544437301,-0.9439324140548706
41.698999999964144,0.4742146134376526,13.151922179645874,-0.7460952997207642
41.79899999999907,0.46559807658195496,13.1538620444637,-0.7644325494766235
41.898999999975786,0.5344133973121643,13.155798153490567,-0.6265856027603149
41.9989999999525,0.5621698498725891,13.15773052124162,-0.5759512782096863
42.09899999998743,0.5195758938789368,13.159659162148026,-0.6547423601150513
42.198999999964144,0.5093259215354919,13.16158409055761,-0.6746671795845032
42.29899999999907,0.6324641704559326,13.163505320735505,-0.45813173055648804
42.398999999975786,0.7014282941818237,13.165422866864775,-0.35463660955429077
42.4989999999525,0.7402456402778625,13.16733674304706,-0.3007732033729553
42.59899999998743,0.7100203633308411,13.169246963303179,-0.34246158599853516
42.698999999964144,0.6726985573768616,13.17115354157376,-0.3964579701423645
42.79899999999907,0.6470704078674316,13.173056491719846,-0.43530017137527466
42.898999999975786,0.6829720735549927,13.1749558275235,-0.3813013434410095
42.9989999999525,0.6395970582962036,13.176851562688398,-0.4469169080257416
43.09899999998743,0.6981467008590698,13.178743710840436,-0.35932600498199463
43.198999999964144,0.6147820353507996,13.180632285528304,-0.4864875078201294
43.29899999999907,0.5990456938743591,13.182517300224076,-0.5124173760414124
43.398999999975786,0.7333381772041321,13.184398768323781,-0.31014832854270935
43.4989999999525,0.6920984983444214,13.186276703147982,-0.368027001619339
43.59899999998743,0.6796841025352478,13.188151117942333,-0.38612714409828186
43.698999999964144,0.6722988486289978,13.190022025878143,-0.3970523178577423
43.79899999999907,0.5525166988372803,13.19188944005294,-0.5932716131210327
43.898999999975786,0.5330455303192139,13.193753373491,-0.6291484236717224
43.9989999999525,0.634319543838501,13.195613839143922,-0.45520246028900146
44.09899999998743,0.6139377355575562,13.197470849891134,-0.4878617525100708
44.198999999964144,0.4671401381492615,13.199324418540456,-0.7611259818077087
44.29899999999907,0.5184280872344971,13.201174557828619,-0.6569539308547974
44.398999999975786,0.4818354845046997,13.203021280421783,-0.7301525473594666
44.4989999999525,0.6047706604003906,13.204864598916073,-0.5029059648513794
44.59899999998743,0.5585856437683105,13.206704525838079,-0.5823473334312439
44.698999999964144,0.4690416157245636,13.208541073645382,-0.7570638060569763
44.79899999999907,0.6255830526351929,13.210374254727043,-0.4690711796283722
44.898999999975786,0.7138026356697083,13.212204081404119,-0.3371487557888031
44.9989999999525,0.7771474719047546,13.214030565930152,-0.2521251440048218
45.09899999998743,0.694011926651001,13.215853720491667,-0.3652661144733429
45.198999999964144,0.6621139049530029,13.217673557208654,-0.41231769323349
45.29899999999907,0.5992817878723145,13.219490088135052,-0.512023389339447
45.398999999975786,0.6379159092903137,13.221303325259232,-0.44954878091812134
45.4989999999525,0.7019389271736145,13.223113280504473,-0.353908896446228
45.59899999998743,0.576568603515625,13.224919965729422,-0.5506609678268433
45.698999999964144,0.5764339566230774,13.226723392728571,-0.5508944988250732
45.79899999999907,0.5399268269538879,13.228523573232719,-0.6163216829299927
45.898999999975786,0.5671014189720154,13.230320518909421,-0.5672171115875244
45.9989999999525,0.6351887583732605,13.232114241363448,-0.45383304357528687
46.09899999998743,0.5374487042427063,13.233904752137237,-0.6209219694137573
46.198999999964144,0.5542903542518616,13.235692062711331,-0.5900666117668152
46.29899999999907,0.527338981628418,13.237476184504834,-0.6399117112159729
46.398999999975786,0.5128748416900635,13.239257128875828,-0.6677234172821045
46.4989999999525,0.625735878944397,13.241034907121827,-0.46882691979408264
46.59899999998743,0.5138576626777649,13.242809530480196,-0.6658089756965637
46.698999999964144,0.5513709783554077,13.244581010128577,-0.5953474044799805
46.79899999999907,0.43450191617012024,13.24634935718532,-0.8335549235343933
46.898999999975786,0.46847209334373474,13.248114582709889,-0.7582787275314331
46.9989999999525,0.4733019471168518,13.249876697703288,-0.7480217218399048
47.09899999998743,0.4918712079524994,13.251635713108469,-0.7095383405685425
47.198999999964144,0.46778833866119385,13.253391639810733,-0.759739339351654
47.29899999999907,0.4319857656955719,13.255144488638146,-0.839362621307373
47.398999999975786,0.3346484303474426,13.256894270361935,-1.0946747064590454
47.4989999999525,0.3903200328350067,13.258640995696876,-0.9407882690429688
47.59899999998743,0.39964359998703003,13.260384675301703,-0.9171820878982544
47.698999999964144,0.38623324036598206,13.262125319779487,-0.951313853263855
47.79899999999907,0.38264745473861694,13.263862939678027,-0.9606412053108215
47.898999999975786,0.45071274042129517,13.265597545490236,-0.7969250679016113
47.9989999999525,0.5998926758766174,13.267329147654515,-0.5110045075416565
48.09899999998743,0.4291471838951111,13.269057756555132,-0.8459553122520447
48.198999999964144,0.4664522409439087,13.270783382522602,-0.7625996470451355
48.29899999999907,0.5980976819992065,13.272506035834049,-0.514001190662384
48.398999999975786,0.6781166791915894,13.274225726713574,-0.3884359300136566
48.4989999999525,0.6421940922737122,13.27594246533263,-0.44286468625068665
48.59899999998743,0.5409414768218994,13.277656261810364,-0.6144441962242126
48.698999999964144,0.7412878274917603,13.279367126213993,-0.299366295337677
48.79899999999907,0.6129840016365051,13.281075068559149,-0.4894164204597473
48.898999999975786,0.6145416498184204,13.282780098810234,-0.48687857389450073
48.9989999999525,0.5295668840408325,13.284482226880764,-0.6356958150863647
49.09899999998743,0.41689789295196533,13.286181462633724,-0.8749139308929443
49.198999999964144,0.45509201288223267,13.287877815881902,-0.7872556447982788
49.29899999999907,0.6102563738822937,13.289571296388235,-0.4938761293888092
49.398999999975786,0.41664209961891174,13.291261913866142,-0.8755276799201965
49.4989999999525,0.4168756604194641,13.292949677979863,-0.8749672770500183
49.59899999998743,0.4429837763309479,13.294634598344782,-0.8142221570014954
49.698999999964144,0.46251359581947327,13.296316684527767,-0.7710793018341064
49.79899999999907,0.47909125685691833,13.297995946047488,-0.7358641624450684
49.898999999975786,0.5380903482437134,13.29967239237474,-0.6197288036346436
49.9989999999525,0.43682387471199036,13.301346032932768,-0.8282251954078674
50.09899999998743,0.5274927020072937,13.303016877097587,-0.6396202445030212
50.198999999964144,0.5686112642288208,13.304684934198283,-0.5645582675933838
50.29899999999907,0.5253632068634033,13.306350213517344,-0.6436654329299927
50.398999999975786,0.5805795192718506,13.308012724290958,-0.5437284708023071
50.4989999999525,0.5062710046768188,13.309672475709322,-0.6806831955909729
50.59899999998743,0.5009334683418274,13.311329476916953,-0.6912819743156433
50.698999999964144,0.4638475477695465,13.312983737012978,-0.7681993246078491
50.79899999999907,0.5018022656440735,13.314635265051452,-0.6895491480827332
50.898999999975786,0.5838719606399536,13.316284070041636,-0.5380735397338867
50.9989999999525,0.48305612802505493,13.317930160948304,-0.7276224493980408
51.09899999998743,0.4294852912425995,13.319573546692034,-0.8451677560806274
51.198999999964144,0.39741626381874084,13.321214236149494,-0.9227710366249084
51.29899999999907,0.4159274101257324,13.322852238153732,-0.8772445321083069
51.398999999975786,0.47598880529403687,13.324487561494463,-0.7423609495162964
51.4989999999525,0.4593512713909149,13.32612021491835,-0.777940034866333
51.59899999998743,0.5012906789779663,13.327750207129279,-0.6905691623687744
51.698999999964144,0.4748685359954834,13.329377546788654,-0.7447172999382019
51.79899999999907,0.5182044506072998,13.331002242515657,-0.6573854088783264
51.898999999975786,0.5023886561393738,13.332624302887524,-0.6883812546730042
51.9989999999525,0.5027902722358704,13.334243736439827,-0.6875821352005005
52.09899999998743,0.4021361172199249,13.335860551666734,-0.9109646081924438
52.198999999964144,0.3889860212802887,13.337474757021274,-0.9442118406295776
52.29899999999907,0.40821754932403564,13.339086360915616,-0.8959550261497498
52.398999999975786,0.484479695558548,13.340695371721317,-0.7246797680854797
52.4989999999525,0.38746699690818787,13.34230179776959,-0.9481246471405029
52.59899999998743,0.36087051033973694,13.343905647351566,-1.0192360877990723
52.698999999964144,0.37256723642349243,13.345506928718539,-0.9873377084732056
52.79899999999907,0.3970201015472412,13.347105650082236,-0.9237684011459351
52.898999999975786,0.3079301416873932,13.348701819615057,-1.1778823137283325
52.9989999999525,0.2757440209388733,13.350295445450335,-1.2882822751998901
53.09899999998743,0.29081037640571594,13.351886535682578,-1.235083818435669
53.198999999964144,0.34693285822868347,13.353475098367715,-1.058624029159546
53.29899999999907,0.2853858172893524,13.35506114152335,-1.2539132833480835
53.398999999975786,0.26232606172561646,13.356644673128994,-1.3381670713424683
53.4989999999525,0.27474260330200195,13.358225701126313,-1.2919206619262695
53.59899999998743,0.3121885359287262,13.359804233419363,-1.164147973060608
53.698999999964144,0.23704589903354645,13.36138027787483,-1.4395015239715576
53.79899999999907,0.2332526445388794,13.36295384232226,-1.4556331634521484
53.898999999975786,0.3185281455516815,13.3645249345543,-1.1440443992614746
53.9989999999525,0.2629488408565521,13.366093562326927,-1.3357957601547241
54.09899999998743,0.32970136404037476,13.367659733359671,-1.1095679998397827
54.198999999964144,0.26437219977378845,13.369223455335854,-1.330397367477417
54.29899999999907,0.30531448125839233,13.370784735902808,-1.1864129304885864
54.398999999975786,0.3684796690940857,13.372343582672098,-0.9983697533607483
54.4989999999525,0.35580477118492126,13.373900003219756,-1.0333731174468994
54.59899999998743,0.35285240411758423,13.37545400508649,-1.0417053699493408
54.698999999964144,0.34233802556991577,13.37700559577791,-1.0719566345214844
54.79899999999907,0.2901127338409424,13.37855478276474,-1.237485647201538
54.898999999975786,0.22854465246200562,13.380101573483037,-1.4760236740112305
54.9989999999525,0.2586081027984619,13.381645975334411,-1.352441430091858
55.09899999998743,0.22116506099700928,13.383187995686226,-1.5088459253311157
55.198999999964144,0.32299721240997314,13.38472764187182,-1.130111575126648
55.29899999999907,0.26295068860054016,13.386264921190707,-1.3357887268066406
55.398999999975786,0.18951047956943512,13.38779984090879,-1.6633110046386719
55.4989999999525,0.1766626238822937,13.389332408258568,-1.733513355255127
55.59899999998743,0.1703988015651703,13.390862630439337,-1.7696137428283691
55.698999999964144,0.20366138219833374,13.39239051461739,-1.5912965536117554
55.79899999999907,0.2184470295906067,13.393916067926225,-1.5212117433547974
55.898999999975786,0.1828000843524933,13.395439297466748,-1.6993621587753296
55.9989999999525,0.2786513864994049,13.396960210307455,-1.2777937650680542
56.09899999998743,0.2738807499408722,13.398478813484644,-1.29506254196167
56.198999999964144,0.3347320854663849,13.399995114002609,-1.094424843788147
56.29899999999907,0.32227838039398193,13.401509118833824,-1.132339596748352
56.398999999975786,0.3969018757343292,13.403020834919145,-0.9240661859512329
56.4989999999525,0.31883561611175537,13.404530269168,-1.1430796384811401
56.59899999998743,0.2994103729724884,13.406037428458571,-1.2059401273727417
56.698999999964144,0.3748140335083008,13.407542319637992,-0.9813252687454224
56.79899999999907,0.34738364815711975,13.409044949522526,-1.0573254823684692
56.898999999975786,0.35451242327690125,13.410545324897761,-1.0370118618011475
56.9989999999525,0.4214819371700287,13.412043452518782,-0.863978385925293
57.09899999998743,0.39989587664604187,13.413539339110365,-0.9165510535240173
57.198999999964144,0.3727230429649353,13.415032991367148,-0.986919641494751
57.29899999999907,0.37662720680236816,13.41652441595382,-0.9764994382858276
57.398999999975786,0.41606634855270386,13.418013619505286,-0.8769105672836304
57.4989999999525,0.5099499821662903,13.419500608626866,-0.6734426617622375
57.59899999998743,0.4422834515571594,13.420985389894444,-0.8158043026924133
57.698999999964144,0.4468905031681061,13.422467969854667,-0.805441677570343
57.79899999999907,0.4707702696323395,13.423948355025102,-0.753385066986084
57.898999999975786,0.49188292026519775,13.425426551894413,-0.7095145583152771
57.9989999999525,0.5756434202194214,13.426902566922532,-0.5522668957710266
58.09899999998743,0.6487100720405579,13.428376406540833,-0.43276938796043396
58.198999999964144,0.5990161895751953,13.42984807715229,-0.5124666690826416
58.29899999999907,0.5093953609466553,13.43131758513165,-0.6745308041572571
58.398999999975786,0.5067415833473206,13.432784936825598,-0.6797540783882141
58.4989999999525,0.5598484873771667,13.434250138552928,-0.5800890922546387
58.59899999998743,0.6197068095207214,13.435713196604688,-0.4785088300704956
58.698999999964144,0.4675268232822418,13.437174117244362,-0.7602985501289368
58.79899999999907,0.48438701033592224,13.438632906708023,-0.7248710989952087
58.898999999975786,0.42855721712112427,13.440089571204487,-0.8473310470581055
58.9989999999525,0.5004346370697021,13.44154411691548,-0.692278265953064
59.09899999998743,0.5059275031089783,13.442996549995796,-0.6813619136810303
59.198999999964144,0.40644681453704834,13.444446876573442,-0.9003021717071533
59.29899999999907,0.4021027982234955,13.445895102749807,-0.9110475182533264
59.398999999975786,0.4114799499511719,13.447341234599806,-0.8879950046539307
59.4989999999525,0.34433308243751526,13.448785278172041,-1.066145896911621
59.59899999998743,0.35011687874794006,13.450227239488942,-1.0494883060455322
59.698999999964144,0.3859698176383972,13.45166712454693,-0.9519960880279541
59.79899999999907,0.34104156494140625,13.453104939316557,-1.0757509469985962
59.898999999975786,0.2720180153846741,13.454540689742661,-1.301887035369873
59.9989999999525,0.2745826840400696,13.45597438174451,-1.2925028800964355
60.09899999998743,0.27143916487693787,13.457406021215947,-1.304017186164856
60.198999999964144,0.25958073139190674,13.458835614025542,-1.3486875295639038
60.29899999999907,0.18920104205608368,13.460263166016727,-1.664945125579834
60.398999999975786,0.2098282128572464,13.461688683007948,-1.561466097831726
60.4989999999525,0.2713620364665985,13.463112170792803,-1.304301381111145
60.59899999998743,0.23455868661403656,13.46453363514018,-1.4500495195388794
60.698999999964144,0.3050898611545563,13.465953081794405,-1.187148928642273
60.79899999999907,0.27115967869758606,13.467370516475379,-1.3050473928451538
60.898999999975786,0.30050045251846313,13.468785944878709,-1.2023060321807861
60.9989999999525,0.3450268805027008,13.470199372675857,-1.0641329288482666
61.09899999998743,0.2742542028427124,13.471610805514265,-1.293699860572815
61.198999999964144,0.23470532894134521,13.473020249017498,-1.4494245052337646
61.29899999999907,0.27222684025764465,13.474427708785377,-1.3011195659637451
61.398999999975786,0.2887304723262787,13.475833190394113,-1.2422616481781006
61.4989999999525,0.2894015908241272,13.477236699396434,-1.2399399280548096
61.59899999998743,0.3622906804084778,13.478638241321722,-1.0153083801269531
61.698999999964144,0.3451167941093445,13.480037821676145,-1.0638723373413086
61.79899999999907,0.3383266031742096,13.481435445942783,-1.0837435722351074
61.898999999975786,0.3838033378124237,13.482831119581757,-0.9576250314712524
61.9989999999525,0.36702385544776917,13.484224848030362,-1.0023283958435059
62.09899999998743,0.40960943698883057,13.485616636703183,-0.8925511837005615
62.198999999964144,0.4917261600494385,13.487006490992238,-0.7098333239555359
62.29899999999907,0.5725422501564026,13.488394416267086,-0.5576687455177307
62.398999999975786,0.5788518190383911,13.489780417874963,-0.5467087626457214
62.4989999999525,0.5673561096191406,13.491164501140902,-0.5667681097984314
62.59899999998743,0.4962814748287201,13.492546671367853,-0.7006120085716248
62.698999999964144,0.47974729537963867,13.493926933836812,-0.7344957590103149
62.79899999999907,0.40031060576438904,13.495305293806933,-0.9155145883560181
62.898999999975786,0.48121193051338196,13.496681756515656,-0.7314475178718567
62.9989999999525,0.4130633771419525,13.498056327178823,-0.8841542601585388
63.09899999998743,0.3985188901424408,13.499429010990795,-0.9200003743171692
63.198999999964144,0.4367329478263855,13.500799813124575,-0.8284333944320679
63.29899999999907,0.40796253085136414,13.502168738731916,-0.8965799808502197
63.398999999975786,0.33594822883605957,13.503535792943449,-1.0907981395721436
63.4989999999525,0.4394262433052063,13.504900980868788,-0.8222854137420654
63.59899999998743,0.4520089030265808,13.506264307596652,-0.7940534353256226
63.698999999964144,0.5379852056503296,13.507625778194974,-0.6199242472648621
63.79899999999907,0.5711128115653992,13.508985397711013,-0.5601685047149658
63.898999999975786,0.566303551197052,13.510343171171474,-0.5686250329017639
63.9989999999525,0.6779165267944336,13.51169910358261,-0.38873109221458435
64.09899999998743,0.558343231678009,13.513053199930338,-0.5827813744544983
64.19899999996414,0.614689826965332,13.514405465180353,-0.4866374731063843
64.29899999999907,0.544891357421875,13.515755904278224,-0.6071688532829285
64.39899999997579,0.4412704408168793,13.517104522149518,-0.8180973529815674
64.4989999999525,0.5167875289916992,13.518451323699896,-0.6601234674453735
64.59899999998743,0.5113263726234436,13.51979631381523,-0.6707472205162048
64.69899999996414,0.556344747543335,13.521139497361697,-0.586367130279541
64.79899999999907,0.5180994868278503,13.522480879185897,-0.657588005065918
64.89899999997579,0.42798078060150146,13.523820464114955,-0.8486769795417786
64.9989999999525,0.45989954471588135,13.525158256956614,-0.7767472267150879
65.09899999998743,0.4326592981815338,13.526494262499357,-0.8378047347068787
65.19899999996414,0.397800087928772,13.527828485512494,-0.9218056797981262
65.29899999999907,0.3608892858028412,13.529160930746272,-1.0191841125488281
65.39899999997579,0.3440168499946594,13.530491602931978,-1.067064642906189
65.4989999999525,0.271176815032959,13.531820506782031,-1.304984211921692
65.59899999998743,0.280028373003006,13.533147646990093,-1.2728643417358398
65.69899999996414,0.32946982979774475,13.534473028231162,-1.1102705001831055
65.79899999999907,0.3571973443031311,13.53579665516167,-1.0294668674468994
65.89899999997579,0.29832035303115845,13.537118532419585,-1.2095873355865479
65.9989999999525,0.3296196460723877,13.53843866462451,-1.1098158359527588
66.09899999998743,0.3037523031234741,13.539757056377766,-1.1915427446365356
66.19899999996414,0.3563864529132843,13.541073712262515,-1.031739592552185
66.29899999999907,0.3792266249656677,13.542388636843823,-0.9696213006973267
66.39899999997579,0.32361939549446106,13.543701834668783,-1.1281871795654297
66.4989999999525,0.31536874175071716,13.545013310266594,-1.154012680053711
66.59899999998743,0.23642392456531525,13.546323068148657,-1.4421287775039673
66.69899999996414,0.3621476888656616,13.547631112808673,-1.0157032012939453
66.79899999999907,0.300121933221817,13.548937448722729,-1.2035664319992065
66.89899999997579,0.40774911642074585,13.550242080349394,-0.8971031904220581
66.9989999999525,0.4566119909286499,13.551545012129809,-0.7839213013648987
67.09899999998743,0.49375012516975403,13.55284624848778,-0.7057257294654846
67.19899999996414,0.4283384382724762,13.554145793829866,-0.8478416800498962
67.29899999999907,0.3790891468524933,13.555443652545467,-0.9699839353561401
67.39899999997579,0.3658563494682312,13.556739829006913,-1.0055145025253296
67.4989999999525,0.4031590521335602,13.558034327569558,-0.9084241390228271
67.59899999998743,0.3380294740200043,13.559327152571864,-1.0846221446990967
67.69899999996414,0.2686880826950073,13.560618308335483,-1.3142040967941284
67.79899999999907,0.21899288892745972,13.561907799165356,-1.5187159776687622
67.89899999997579,0.21827693283557892,13.563195629349785,-1.5219906568527222
67.9989999999525,0.20131415128707886,13.564481803160529,-1.602888584136963
68.09899999998743,0.185105100274086,13.565766324852886,-1.6868314743041992
68.19899999996414,0.13239362835884094,13.567049198665774,-2.0219757556915283
68.29899999999907,0.20998843014240265,13.568330428821824,-1.5607028007507324
68.39899999997579,0.24432693421840668,13.569610019527449,-1.4092481136322021
68.4989999999525,0.300958514213562,13.57088797497294,-1.2007828950881958
68.59899999998743,0.34681278467178345,13.572164299332545,-1.0589702129364014
68.69899999996414,0.3270456790924072,13.573438996764546,-1.1176555156707764
68.79899999999907,0.36553525924682617,13.574712071411344,-1.006392478942871
68.89899999997579,0.4352800250053406,13.57598352739954,-0.8317657113075256
68.9989999999525,0.3640609085559845,13.577253368840017,-1.0104341506958008
69.09899999998743,0.34682697057724,13.578521599828012,-1.0589293241500854
69.19899999996414,0.3117109537124634,13.579788224443204,-1.1656789779663086
69.29899999999907,0.3370105028152466,13.581053246749791,-1.0876412391662598
69.39899999997579,0.33354511857032776,13.582316670796564,-1.0979771614074707
69.4989999999525,0.39061740040779114,13.583578500616985,-0.9400267004966736
69.59899999998743,0.3913588523864746,13.584838740229273,-0.9381303787231445
69.69899999996414,0.3510322868824005,13.58609739363647,-1.046877145767212
69.79899999999907,0.3609493672847748,13.58735446482652,-1.0190176963806152
69.89899999997579,0.37824150919914246,13.588609957772352,-0.9722223281860352
69.9989999999525,0.37544357776641846,13.589863876431945,-0.9796470403671265
70.09899999998743,0.3622247576713562,13.591116224748411,-1.0154904127120972
70.19899999996414,0.37279456853866577,13.592367006650065,-0.9867278337478638
70.29899999999907,0.39923539757728577,13.593616226050496,-0.9182040691375732
70.39899999997579,0.2938261032104492,13.594863886848652,-1.2247672080993652
70.4989999999525,0.2406781166791916,13.596109992928898,-1.4242948293685913
70.59899999998743,0.247966930270195,13.597354548161103,-1.394459843635559
70.69899999996414,0.3539429008960724,13.5985975564007,-1.0386197566986084
70.79899999999907,0.28950363397598267,13.599839021488766,-1.239587426185608
70.89899999997579,0.38249653577804565,13.601078947252086,-0.9610357284545898
70.9989999999525,0.3588096797466278,13.602317337503232,-1.024963140487671
71.09899999998743,0.27690938115119934,13.603554196040628,-1.2840650081634521
71.19899999996414,0.3324151933193207,13.604789526648622,-1.1013705730438232
71.29899999999907,0.31100812554359436,13.60602333309755,-1.1679362058639526
71.39899999997579,0.2859441041946411,13.607255619143816,-1.251958966255188
71.4989999999525,0.2614102363586426,13.608486388529947,-1.3416643142700195
71.59899999998743,0.21559306979179382,13.609715644984677,-1.534362554550171
71.69899999996414,0.2082500457763672,13.610943392223,-1.5690157413482666
71.79899999999907,0.24933019280433655,13.612169633946245,-1.3889771699905396
71.89899999997579,0.24891643226146698,13.61339437384214,-1.3906381130218506
71.9989999999525,0.24513645470142365,13.614617615584883,-1.405940294265747
72.09899999998743,0.21549521386623383,13.615839362835207,-1.5348166227340698
72.19899999996414,0.1731039583683014,13.617059619240436,-1.753862977027893
72.29899999999907,0.12631769478321075,13.618278388434565,-2.068955183029175
72.39899999997579,0.14980678260326385,13.619495674038317,-1.8984088897705078
72.4989999999525,0.1781744807958603,13.620711479659207,-1.7249919176101685
72.59899999998743,0.2323572039604187,13.621925808891609,-1.4594794511795044
72.69899999996414,0.3110349178314209,13.623138665316818,-1.167850136756897
72.79899999999907,0.2031930685043335,13.624350052503114,-1.59359872341156
72.89899999997579,0.29586300253868103,13.625559974005828,-1.2178587913513184
72.9989999999525,0.2328345626592636,13.626768433367397,-1.4574271440505981
73.09899999998743,0.23624974489212036,13.627975434117433,-1.4428658485412598
73.19899999996414,0.2654174864292145,13.62918097977278,-1.326451301574707
73.29899999999907,0.17949029803276062,13.630385073837585,-1.7176342010498047
73.39899999997579,0.24414803087711334,13.631587719803345,-1.4099805355072021
73.4989999999525,0.22368377447128296,13.632788921148979,-1.497521996498108
73.59899999998743,0.18982212245464325,13.633988681340885,-1.661667823791504
73.69899999996414,0.1538243144750595,13.635187003832993,-1.8719441890716553
73.79899999999907,0.14865101873874664,13.636383892066839,-1.906153917312622
73.89899999997579,0.20297087728977203,13.637579349471613,-1.5946928262710571
73.9989999999525,0.19187813997268677,13.63877337946422,-1.6508948802947998
74.09899999998743,0.19541987776756287,13.639965985449344,-1.6326048374176025
74.19899999996414,0.18257790803909302,13.641157170819497,-1.7005783319473267
74.29899999999907,0.21636264026165009,13.642346938955086,-1.530799388885498
74.39899999997579,0.15371687710285187,13.643535293224463,-1.8726428747177124
74.4989999999525,0.12944215536117554,13.644722236983993,-2.0445210933685303
74.59899999998743,0.09926572442054749,13.645907773578093,-2.309954881668091
74.69899999996414,0.10813252627849579,13.64709190633931,-2.224397659301758
74.79899999999907,0.12268032878637314,13.64827463858836,-2.0981733798980713
74.89899999997579,0.1480390429496765,13.649455973634192,-1.9102792739868164
74.9989999999525,0.17420463263988495,13.65063591477404,-1.747524619102478
75.09899999998743,0.17541345953941345,13.651814465293484,-1.7406094074249268
75.19899999996414,0.167750284075737,13.652991628466498,-1.7852787971496582
75.29899999999907,0.19062075018882751,13.65416740755551,-1.6574695110321045
75.39899999997579,0.13804565370082855,13.655341805811453,-1.9801708459854126
75.4989999999525,0.1569453477859497,13.656514826473817,-1.8518576622009277
75.59899999998743,0.10394704341888428,13.657686472770706,-2.263873815536499
75.69899999996414,0.12689952552318573,13.658856747918897,-2.064359664916992
75.79899999999907,0.13329413533210754,13.66002565512388,-2.0151970386505127
75.89899999997579,0.13866253197193146,13.661193197579918,-1.9757121801376343
75.9989999999525,0.17929118871688843,13.6623593784701,-1.7187440395355225
76.09899999998743,0.19601859152317047,13.663524200966393,-1.62954580783844
76.19899999996414,0.15289494395256042,13.664687668229691,-1.8780041933059692
76.29899999999907,0.13618962466716766,13.665849783409868,-1.9937070608139038
76.39899999997579,0.1508939266204834,13.66701054964583,-1.8911781311035156
76.4989999999525,0.12683583796024323,13.668169970065565,-2.064861536026001
76.59899999998743,0.12431882321834564,13.669328047786193,-2.0849058628082275
76.69899999996414,0.10660483688116074,13.670484785914017,-2.238626480102539
76.79899999999907,0.1676897406578064,13.671640187544572,-1.785639762878418
76.89899999997579,0.1198972761631012,13.672794255762678,-2.121119976043701
76.9989999999525,0.15068362653255463,13.673946993642486,-1.8925728797912598
77.09899999998743,0.14911043643951416,13.67509840424753,-1.9030680656433105
77.19899999996414,0.21405327320098877,13.676248490630767,-1.5415303707122803
77.29899999999907,0.1967141181230545,13.67739725583464,-1.6260037422180176
77.39899999997579,0.27036693692207336,13.678544702891116,-1.307975172996521
77.4989999999525,0.22021743655204773,13.67969083482174,-1.5131398439407349
77.59899999998743,0.1706540286540985,13.680835654637672,-1.7681169509887695
77.69899999996414,0.1170482262969017,13.681979165339751,-2.145169258117676
77.79899999999907,0.14007392525672913,13.683121369918528,-1.9655849933624268
77.89899999997579,0.15145695209503174,13.68426227135432,-1.8874537944793701
77.9989999999525,0.18344391882419586,13.685401872617254,-1.6958463191986084
78.09899999998743,0.1190519630908966,13.686540176667314,-2.128195285797119
78.19899999996414,0.18463245034217834,13.687677186454389,-1.6893881559371948
78.29899999999907,0.2508292496204376,13.688812904918317,-1.382982850074768
78.39899999997579,0.2031027227640152,13.68994733498893,-1.5940433740615845
78.4989999999525,0.25375789403915405,13.691080479586097,-1.3713746070861816
78.59899999998743,0.18246188759803772,13.692212341619781,-1.7012139558792114
78.69899999996414,0.18112343549728394,13.693342923990066,-1.7085765600204468
78.79899999999907,0.10226994007825851,13.694472229587218,-2.280139446258545
78.89899999997579,0.13843049108982086,13.695600261291716,-1.9773869514465332
78.9989999999525,0.24888211488723755,13.696727021974308,-1.3907759189605713
79.09899999998743,0.22148381173610687,13.697852514496041,-1.5074057579040527
79.19899999996414,0.17927421629428864,13.698976741708323,-1.7188386917114258
79.29899999999907,0.21264059841632843,13.700099706452946,-1.5481518507003784
79.39899999997579,0.1766093373298645,13.701221411562146,-1.7338151931762695
79.4989999999525,0.12838399410247803,13.702341859858636,-2.052729606628418
79.59899999998743,0.16062521934509277,13.703461054155651,-1.828681468963623
79.69899999996414,0.21880172193050385,13.704578997256993,-1.5195893049240112
79.79899999999907,0.18794533610343933,13.705695691957068,-1.6716041564941406
79.89899999997579,0.24630965292453766,13.706811141040934,-1.4011658430099487
79.9989999999525,0.15586967766284943,13.707925347284336,-1.8587350845336914
80.09899999998743,0.18541619181632996,13.709038313453757,-1.685152292251587
80.19899999996414,0.12554100155830383,13.710150042306449,-2.075122833251953
80.29899999999907,0.130698099732399,13.711260536590475,-2.034865140914917
80.39899999997579,0.09211496263742447,13.71236979904476,-2.3847179412841797
80.4989999999525,0.09527511894702911,13.713477832399123,-2.3509864807128906
80.59899999998743,0.08910255134105682,13.714584639374314,-2.4179673194885254
80.69899999996414,0.09795226156711578,13.715690222682063,-2.323275089263916
80.79899999999907,0.09324612468481064,13.716794585025117,-2.3725128173828125
80.89899999997579,0.060513291507959366,13.717897729097274,-2.8048923015594482
80.9989999999525,0.038309842348098755,13.71899965758343,-3.2620484828948975
81.09899999998743,0.06366085261106491,13.720100373159616,-2.754185438156128
81.19899999996414,0.027905922383069992,13.721199878493033,-3.578916311264038
81.29899999999907,0.019134070724248886,13.722298176242095,-3.956284761428833
81.39899999997579,0.05467557907104492,13.723395269056468,-2.9063382148742676
81.4989999999525,0.07046812027692795,13.724491159577106,-2.652594804763794
81.59899999998743,0.06187283992767334,13.725585850436287,-2.7826740741729736
81.69899999996414,0.12145018577575684,13.726679344257658,-2.1082510948181152
81.79899999999907,0.09766418486833572,13.727771643656267,-2.3262202739715576
81.89899999997579,0.09189040213823318,13.728862751238601,-2.3871586322784424
81.9989999999525,0.15879446268081665,13.729952669602628,-1.8401446342468262
82.09899999998743,0.12259656190872192,13.731041401337825,-2.098856210708618
82.19899999996414,0.11172981560230255,13.732128949025222,-2.19167160987854
82.29899999999907,0.09521689265966415,13.733215315237445,-2.351597785949707
82.39899999997579,0.06340556591749191,13.734300502538732,-2.7582037448883057
82.4989999999525,0.05717591941356659,13.73538451348499,-2.8616225719451904
82.59899999998743,0.054898228496313095,13.73646735062382,-2.9022741317749023
82.69899999996414,0.07017499208450317,13.737549016494562,-2.6567633152008057
82.79899999999907,0.05547714978456497,13.738629513628316,-2.8917839527130127
82.89899999997579,0.053917210549116135,13.739708844547993,-2.9203054904937744
82.9989999999525,0.08809364587068558,13.740787011768338,-2.4293549060821533
83.09899999998743,0.10451865196228027,13.741864017795976,-2.258389711380005
83.19899999996414,0.11362477391958237,13.742939865129438,-2.174853801727295
83.29899999999907,0.08793411403894424,13.744014556259204,-2.4311673641204834
83.39899999997579,0.08698620647192001,13.745088093667729,-2.4420056343078613
83.4989999999525,0.09348232299089432,13.74616047982948,-2.369982957839966
83.59899999998743,0.10238447040319443,13.74723171721098,-2.279020309448242
83.69899999996414,0.08749569952487946,13.748301808270824,-2.4361655712127686
83.79899999999907,0.09385320544242859,13.74937075545973,-2.366023302078247
83.89899999997579,0.13689695298671722,13.750438561220559,-1.9885268211364746
83.9989999999525,0.09000527858734131,13.751505227988362,-2.4078869819641113
84.09899999998743,0.0653587281703949,13.7525707581904,-2.7278642654418945
84.19899999996414,0.08405756205320358,13.753635154246187,-2.4762535095214844
84.29899999999907,0.06178213283419609,13.754698418567516,-2.7841410636901855
84.39899999997579,0.06770996004343033,13.7557605535585,-2.6925220489501953
84.4989999999525,0.164313405752182,13.756821561615595,-1.805979609489441
84.59899999998743,0.12004447728395462,13.757881445127637,-2.1198930740356445
84.69899999996414,0.14153583347797394,13.758940206475879,-1.955202341079712
84.79899999999907,0.12483172118663788,13.759997848034015,-2.0807886123657227
84.89899999997579,0.13249729573726654,13.761054372168216,-2.021193027496338
84.9989999999525,0.11202266812324524,13.762109781237159,-2.189054012298584
85.09899999998743,0.10043834894895554,13.763164077592064,-2.298211097717285
85.19899999996414,0.0720592513680458,13.764217263576723,-2.6302666664123535
85.29899999999907,0.1005735918879509,13.765269341527528,-2.296865463256836
85.39899999997579,0.08797786384820938,13.766320313773502,-2.4306700229644775
85.4989999999525,0.0780460387468338,13.76737018263634,-2.5504562854766846
85.59899999998743,0.0701693594455719,13.768418950430423,-2.656843423843384
85.69899999996414,0.11290114372968674,13.769466619462868,-2.1812427043914795
85.79899999999907,0.13731767237186432,13.770513192033539,-1.985458254814148
85.89899999997579,0.10520651936531067,13.771558670435091,-2.2518301010131836
85.9989999999525,0.1069440022110939,13.772603056952997,-2.235450029373169
86.09899999998743,0.11304434388875961,13.773646353865574,-2.1799750328063965
86.19899999996414,0.09243902564048767,13.77468856344402,-2.3812060356140137
86.29899999999907,0.07572638243436813,13.77572968795243,-2.5806286334991455
86.39899999997579,0.09501545876264572,13.776769729647844,-2.353715658187866
86.4989999999525,0.13083896040916443,13.777808690780263,-2.033787965774536
86.59899999998743,0.1720336675643921,13.778846573592682,-1.7600650787353516
86.69899999996414,0.16299669444561005,13.779883380321124,-1.8140254020690918
86.79899999999907,0.13825485110282898,13.780919113194654,-1.978656530380249
86.89899999997579,0.13876104354858398,13.781953774435431,-1.9750019311904907
86.9989999999525,0.09504825621843338,13.782987366258714,-2.3533706665039062
87.09899999998743,0.11256057024002075,13.784019890872903,-2.1842637062072754
87.19899999996414,0.05907025188207626,13.785051350479566,-2.8290278911590576
87.29899999999907,0.10192810744047165,13.786081747273462,-2.283487558364868
87.39899999997579,0.04822079837322235,13.787111083442577,-3.0319647789001465
87.4989999999525,0.03729649633169174,13.788139361168142,-3.288855791091919
87.59899999998743,0.047683726996183395,13.789166582624672,-3.0431652069091797
87.69899999996414,0.03881367668509483,13.790192749979985,-3.2489826679229736
87.79899999999907,0.027288492769002914,13.791217865395229,-3.601290225982666
87.89899999997579,0.02895038202404976,13.79224193102492,-3.5421719551086426
87.9989999999525,0.024035515263676643,13.793264949016955,-3.7282228469848633
88.09899999998743,0.02022518217563629,13.794286921512647,-3.900826930999756
88.19899999996414,0.015966959297657013,13.795307850646754,-4.137233734130859
88.29899999999907,0.017105165868997574,13.7963277385475,-4.0683746337890625
88.39899999997579,0.011569940485060215,13.797346587336603,-4.459344863891602
88.4989999999525,0.012599587440490723,13.798364399129303,-4.374091148376465
88.59899999998743,0.049386948347091675,13.799381176034391,-3.0080690383911133
88.69899999996414,0.03379674628376961,13.800396920154226,-3.3873908519744873
88.79899999999907,0.00969999935477972,13.801411633584772,-4.635629653930664
88.89899999997579,0.011759232729673386,13.802425318415619,-4.443116664886475
88.9989999999525,0.03101208619773388,13.803437976730004,-3.4733781814575195
89.09899999998743,0.029411369934678078,13.804449610604848,-3.526373863220215
89.19899999996414,0.056334130465984344,13.805460222110773,-2.8764548301696777
89.29899999999907,0.07874488085508347,13.806469813312125,-2.5415420532226562
89.39899999997579,0.04734105244278908,13.80747838626701,-3.050377368927002
89.4989999999525,0.035869892686605453,13.808485943027309,-3.32785701751709
89.59899999998743,0.046430256217718124,13.80949248563871,-3.0698039531707764
89.69899999996414,0.04414490610361099,13.81049801614073,-3.1202776432037354
89.79899999999907,0.04021164029836655,13.811502536566735,-3.2135987281799316
89.89899999997579,0.03146237134933472,13.812506048943975,-3.458962917327881
89.9989999999525,0.03820163011550903,13.813508555293602,-3.2648770809173584
90.09899999998743,0.03874453902244568,13.81451005763069,-3.250765562057495
90.19899999996414,0.029319418594241142,13.815510557964274,-3.5295052528381348
90.29899999999907,0.06025286763906479,13.816510058297357,-2.8092050552368164
90.39899999997579,0.039626240730285645,13.817508560626948,-3.2282638549804688
90.4989999999525,0.08462275564670563,13.818506066944073,-2.4695520401000977
90.59899999998743,0.05517083406448364,13.819502579233811,-2.8973207473754883
90.69899999996414,0.03475770726799965,13.820498099475314,-3.359354019165039
90.79899999999907,0.022406522184610367,13.821492629641822,-3.798403263092041
90.89899999997579,0.021956246346235275,13.8224861717007,-3.8187036514282227
90.9989999999525,0.047839295119047165,13.82347872761345,-3.039907932281494
91.09899999998743,0.05374133586883545,13.824470299335745,-2.9235727787017822
91.19899999996414,0.07760567963123322,13.825460888817442,-2.556114673614502
91.29899999999907,0.07804635167121887,13.82645049800261,-2.550452470779419
91.39899999997579,0.08144877105951309,13.827439128829548,-2.5077810287475586
91.4989999999525,0.0820642039179802,13.828426783230821,-2.500253438949585
91.59899999998743,0.0824287161231041,13.829413463133266,-2.495821475982666
91.69899999996414,0.06758654117584229,13.830399170458024,-2.6943464279174805
91.79899999999907,0.07367359101772308,13.831383907120564,-2.6081109046936035
91.89899999997579,0.10236139595508575,13.832367675030698,-2.279245615005493
91.9989999999525,0.14683489501476288,13.833350476092605,-1.9184465408325195
92.09899999998743,0.10585763305425644,13.834332312204863,-2.2456600666046143
92.19899999996414,0.1457127183675766,13.835313185260453,-1.92611825466156
92.29899999999907,0.1555364727973938,13.836293097146802,-1.8608750104904175
92.39899999997579,0.10456421226263046,13.837272049745787,-2.2579538822174072
92.4989999999525,0.12014620751142502,13.838250044933764,-2.1190459728240967
92.59899999998743,0.12514029443264008,13.83922708458159,-2.078319787979126
92.69899999996414,0.18337711691856384,13.840203170554645,-1.696210503578186
92.79899999999907,0.20150108635425568,13.841178304712852,-1.60196053981781
92.89899999997579,0.17994101345539093,13.842152488910695,-1.7151261568069458
92.9989999999525,0.1879330724477768,13.843125724997247,-1.671669363975525
93.09899999998743,0.22623856365680695,13.844098014816186,-1.4861652851104736
93.19899999996414,0.19036753475666046,13.845069360205818,-1.6587986946105957
93.29899999999907,0.1676463484764099,13.846039762999096,-1.7858985662460327
93.39899999997579,0.1838945746421814,13.847009225023646,-1.6933926343917847
93.4989999999525,0.1934516429901123,13.847977748101776,-1.6427277326583862
93.59899999998743,0.20091445744037628,13.848945334050512,-1.6048760414123535
93.69899999996414,0.1975618302822113,13.849911984681606,-1.6217037439346313
93.79899999999907,0.21421290934085846,13.850877701801565,-1.5407848358154297
93.89899999997579,0.23330987989902496,13.851842487211664,-1.4553877115249634
93.9989999999525,0.20422904193401337,13.852806342707972,-1.5885131359100342
94.09899999998743,0.22306285798549652,13.853769270081365,-1.500301718711853
94.19899999996414,0.17153464257717133,13.854731271117556,-1.762969970703125
94.29899999999907,0.17780786752700806,13.855692347597106,-1.7270517349243164
94.39899999997579,0.15094979107379913,13.85665250129545,-1.8908079862594604
94.4989999999525,0.19836382567882538,13.85761173398291,-1.617652416229248
94.59899999998743,0.20155559480190277,13.85857004742472,-1.6016900539398193
94.69899999996414,0.2121148258447647,13.85952744338105,-1.5506274700164795
94.79899999999907,0.1585806906223297,13.860483923607005,-1.84149169921875
94.89899999997579,0.09073084592819214,13.861439489852675,-2.399857997894287
94.9989999999525,0.12052516639232635,13.862394143863124,-2.115896701812744
95.09899999998743,0.09330771118402481,13.863347887378435,-2.371852397918701
95.19899999996414,0.0938694179058075,13.864300722133706,-2.3658506870269775
95.29899999999907,0.06073513627052307,13.865252649859087,-2.8012328147888184
95.39899999997579,0.08610433340072632,13.866203672279791,-2.452195644378662
95.4989999999525,0.08072368055582047,13.867153791116113,-2.516723394393921
95.59899999998743,0.06450292468070984,13.868103008083445,-2.741044759750366
95.69899999996414,0.099394291639328,13.869051324892304,-2.3086605072021484
95.79899999999907,0.0822625607252121,13.869998743248344,-2.4978392124176025
95.89899999997579,0.07151346653699875,13.870945264852375,-2.6378695964813232
95.9989999999525,0.05212623253464699,13.871890891400382,-2.954087018966675
96.09899999998743,0.053375404328107834,13.872835624583544,-2.9304051399230957
96.19899999996414,0.052781205624341965,13.87377946608825,-2.9416000843048096
96.29899999999907,0.04095941409468651,13.87472241759612,-3.195173740386963
96.39899999997579,0.03412020578980446,13.875664480784021,-3.3778655529022217
96.4989999999525,0.029162190854549408,13.876605657324085,-3.5348823070526123
96.59899999998743,0.0520799420773983,13.877545948883727,-2.9549753665924072
96.69899999996414,0.09229586273431778,13.878485357125662,-2.382755994796753
96.79899999999907,0.05125928297638893,13.879423883707927,-2.970858573913574
96.89899999997579,0.028175119310617447,13.88036153028389,-3.5693159103393555
96.9989999999525,0.027518218383193016,13.881298298502276,-3.592906951904297
97.09899999998743,0.02983623929321766,13.882234190007182,-3.5120315551757812
97.19899999996414,0.021213410422205925,13.883169206438088,-3.853121757507324
97.29899999999907,0.05344974994659424,13.884103349429886,-2.929013252258301
97.39899999997579,0.049493201076984406,13.885036620612885,-3.005919933319092
97.4989999999525,0.022739697247743607,13.885969021612835,-3.7836432456970215
97.59899999998743,0.023325584828853607,13.886900554050946,-3.758204460144043
97.69899999996414,0.052034180611371994,13.8878312195439,-2.9558544158935547
97.79899999999907,0.05363544821739197,13.888761019703868,-2.9255452156066895
97.89899999997579,0.06282540410757065,13.889689956138525,-2.7673957347869873
97.9989999999525,0.07684754580259323,13.89061803045108,-2.565931797027588
98.09899999998743,0.05432591959834099,13.891545244240271,-2.9127538204193115
98.19899999996414,0.07406660169363022,13.892471599100402,-2.602790594100952
98.29899999999907,0.07340012490749359,13.893397096621346,-2.6118297576904297
98.39899999997579,0.09509716182947159,13.894321738388564,-2.352856159210205
98.4989999999525,0.1030130535364151,13.895245525983128,-2.272899627685547
98.59899999998743,0.12944036722183228,13.896168460981729,-2.044534921646118
98.69899999996414,0.12821096181869507,13.897090544956697,-2.0540783405303955
98.79899999999907,0.15829026699066162,13.898011779476018,-1.8433247804641724
98.89899999997579,0.10690701007843018,13.898932166103346,-2.2357959747314453
98.9989999999525,0.06603556871414185,13.899851706398024,-2.717561721801758
99.09899999998743,0.06548027694225311,13.900770401915098,-2.726006269454956
99.19899999996414,0.06451001018285751,13.901688254205327,-2.7409348487854004
99.29899999999907,0.07986436784267426,13.902605264815207,-2.527425527572632
99.39899999997579,0.06981492042541504,13.903521435286988,-2.661907434463501
99.4989999999525,0.040065642446279526,13.904436767158675,-3.217236042022705
99.59899999998743,0.08579882234334946,13.905351261964064,-2.455749988555908
99.69899999996414,0.12922558188438416,13.906264921232738,-2.0461957454681396
99.79899999999907,0.13186590373516083,13.907177746490097,-2.0259697437286377
99.89899999997579,0.12252344191074371,13.908089739257367,-2.0994529724121094
99.9989999999525,0.0910227969288826,13.909000901051613,-2.3966453075408936
199.9989999999525,0.18828152120113373,13.909911233385758,-1.6698169708251953
299.9989999999525,0.46072807908058167,13.9108207377686,-0.7749472856521606
399.9989999999525,0.47033023834228516,13.911729415704817,-0.7543202042579651
499.9989999999525,0.34925931692123413,13.912637268694997,-1.051940679550171
599.9989999999525,0.18587777018547058,13.913544298235639,-1.6826659440994263
699.9989999999525,0.16001425683498383,13.914450505819177,-1.8324923515319824
799.9989999999525,0.4584931433200836,13.91535589293399,-0.7798099517822266
899.9989999999525,0.08904127031564713,13.916260461064416,-2.4186553955078125
999.9989999999525,0.3282160460948944,13.917164211690775,-1.114083170890808
1099.9989999999525,0.0969453826546669,13.918067146289367,-2.3336074352264404
1199.9989999999525,0.1736980378627777,13.918969266332503,-1.7504369020462036
1299.9989999999525,1.2146872282028198,13.919870573288517,0.1944866180419922
1399.9989999999525,1.1627774238586426,13.920771068621766,0.15081147849559784
1499.9989999999525,1.6736925840377808,13.921670753792664,0.5150322914123535
1599.9989999999525,2.316354751586914,13.922569630257682,0.8399947285652161
1699.9989999999525,2.1572842597961426,13.923467699469366,0.7688501477241516
1799.9989999999525,2.96109938621521,13.924364962876357,1.0855605602264404
1899.9989999999525,2.264162540435791,13.925261421923393,0.8172049522399902
1999.9989999999525,2.4696521759033203,13.926157078051338,0.9040772914886475
2099.9989999999525,1.5657955408096313,13.927051932697182,0.4483940005302429
2199.9989999999525,2.1377832889556885,13.927945987294063,0.7597694396972656
2299.9989999999525,1.6130292415618896,13.928839243271277,0.47811394929885864
2399.9989999999525,3.023040533065796,13.929731702054298,1.1062631607055664
2499.9989999999525,4.573653221130371,13.930623365064779,1.5203123092651367
2599.9989999999525,3.953798532485962,13.93151423372058,1.3746768236160278
2699.9989999999525,5.203211784362793,13.932404309435773,1.6492760181427002
2799.9989999999525,3.045729875564575,13.933293593620657,1.1137405633926392
2899.9989999999525,2.696049213409424,13.934182087681773,0.9917874336242676
2999.9989999999525,2.23567795753479,13.935069793021913,0.8045445084571838
3099.9989999999525,3.340421199798584,13.935956711040141,1.206096887588501
3199.9989999999525,4.018657684326172,13.9368428431318,1.390947937965393
3299.9989999999525,4.4329514503479,13.937728190688523,1.4890656471252441
3399.9989999999525,6.438718318939209,13.938612755098257,1.8623294830322266
3499.9989999999525,3.706672191619873,13.939496537745265,1.3101345300674438
