Time [ps],Potential Energy [kJ/mol],Kinetic Energy [kJ/mol],Total Energy [kJ/mol]
415900.00100000005,-653485.0202489137,64029.92007328712,-589455.1001756266
415900.00200000004,-653337.8744388523,64083.15982740918,-589254.7146114431
415900.003,-653209.5897644223,64144.56909978573,-589065.0206646365
415900.004,-653202.4127362764,64190.06587134481,-589012.3468649316
415900.005,-653198.176809103,64325.04512535318,-588873.1316837498
415900.006,-653267.9186421197,64597.70506548825,-588670.2135766315
415900.00700000004,-653223.4497925222,63917.71966746963,-589305.7301250526
415900.00800000003,-653480.6148374933,63539.23549272858,-589941.3793447647
415900.009,-653503.7883218843,64447.43141516497,-589056.3569067194
415900.01,-653503.4802612644,64147.01371011024,-589356.4665511542
415900.011,-653397.6328830374,64121.643169254545,-589275.9897137829
415900.01200000005,-653697.3428516516,64020.970386312096,-589676.3724653395
415900.01300000004,-653476.6526615433,64101.08954416869,-589375.5631173747
415900.014,-653416.4889893626,64057.94459690855,-589358.5443924541
415900.015,-653342.6859907183,63921.21511280532,-589421.470877913
415900.016,-653231.9479421622,64357.20755960682,-588874.7403825554
415900.017,-653199.010037988,64391.06641268013,-588807.9436253079
415900.01800000004,-653379.5392293377,64113.62671164928,-589265.9125176885
415900.01900000003,-653260.0483583796,64142.887718339065,-589117.1606400405
415900.02,-653365.6476410851,64307.42047668445,-589058.2271644006
415900.021,-653431.6357708679,64080.568003321714,-589351.0677675462
415900.022,-653429.7767569514,64186.00312306755,-589243.7736338838
415900.02300000004,-653433.789100233,64479.67953832,-588954.109561913
415900.02400000003,-653436.8746853962,64861.28378669709,-588575.5908986991
415900.025,-653522.6453860737,64468.40734114246,-589054.2380449313
415900.026,-653454.9174943152,64146.59720390593,-589308.3202904093
415900.027,-653443.4690577096,64136.30128366747,-589307.1677740421
415900.028,-653437.5348710443,64408.08320649089,-589029.4516645535
415900.02900000004,-653362.0904472177,64480.43241893627,-588881.6580282814
415900.03,-653357.7432960635,64349.15595662851,-589008.587339435
415900.031,-653440.3906444929,64156.33828670516,-589284.0523577877
415900.032,-653454.3875537955,64322.9912379279,-589131.3963158675
415900.033,-653206.652209017,64776.66582858813,-588429.9863804288
415900.03400000004,-653184.2661766661,64363.40262393121,-588820.863552735
415900.03500000003,-653077.0422422842,64096.58411641809,-588980.458125866
415900.036,-653077.1363748647,64073.332592183724,-589003.803782681
415900.037,-653076.2165778604,64797.98030873661,-588278.2362691239
415900.038,-653067.2005152861,64068.668794067926,-588998.5317212181
415900.03900000005,-653045.7993591921,64375.46577455767,-588670.3335846345
415900.04000000004,-653151.975406647,63829.04919657565,-589322.9262100713
415900.041,-653357.72869322,63890.470593510705,-589467.2580997093
415900.042,-653420.5233655297,64319.9060029163,-589100.6173626134
415900.043,-653551.372780752,64437.03567832348,-589114.3371024285
415900.044,-653457.0632899088,64257.969276225704,-589199.0940136831
415900.04500000004,-653351.9223303754,64175.980252331734,-589175.9420780437
415900.04600000003,-653166.1487171922,64047.86683763605,-589118.2818795561
415900.047,-653378.8728973051,64374.567962362984,-589004.304934942
415900.048,-653475.7747949945,64236.431587677784,-589239.3432073167
415900.049,-653455.3620027793,63854.2751734569,-589601.0868293224
415900.05000000005,-653468.4759043856,64244.26903214188,-589224.2068722437
415900.05100000004,-653578.0333052946,64528.60183561686,-589049.4314696777
415900.052,-653348.6111890342,64628.6209284864,-588719.9902605477
415900.053,-653361.9723514541,63865.41925008753,-589496.5531013665
415900.054,-653536.3697630276,64662.86300768735,-588873.5067553403
415900.055,-653572.2311709267,63963.111508585396,-589609.1196623413
415900.05600000004,-653551.9857999622,63789.71392541168,-589762.2718745505
415900.05700000003,-653684.4107228459,64427.724851918785,-589256.6858709272
415900.058,-653563.0871033589,64126.91017237627,-589436.1769309826
415900.059,-653433.3760903542,64379.206300285696,-589054.1697900685
415900.06,-653430.1447280294,63762.26843077499,-589667.8762972543
415900.06100000005,-653385.9349586781,64162.12270330718,-589223.8122553709
415900.06200000003,-653345.8573384513,64120.19708385097,-589225.6602546003
415900.063,-653270.5601845969,64427.95587520822,-588842.6043093887
415900.064,-653180.7458083874,64171.066369666776,-589009.6794387207
415900.065,-653357.1605459366,64163.56541692691,-589193.5951290097
415900.066,-653423.0595621779,64130.05498452121,-589293.0045776566
415900.06700000004,-653334.7071240552,64260.658838413896,-589074.0482856414
415900.068,-653412.301865371,63874.15212131711,-589538.1497440538
415900.069,-653249.130449,64162.551784416864,-589086.5786645832
415900.07,-653437.0331914041,64297.39767872833,-589139.6355126757
415900.071,-653287.791887328,64444.52999002088,-588843.2618973071
415900.07200000004,-653460.6200477098,63586.614518215734,-589874.005529494
415900.07300000003,-653491.682889845,64348.2573639048,-589143.4255259401
415900.074,-653552.80726485,64457.82011986226,-589094.9871449878
415900.075,-653338.2405850887,64065.650358031315,-589272.5902270575
415900.076,-653427.7087447594,64217.76632459602,-589209.9424201634
415900.07700000005,-653328.0937260957,64301.78506178072,-589026.308664315
415900.07800000004,-653234.5075300211,64329.712228264725,-588904.7953017564
415900.079,-653152.0427290199,64121.333491924604,-589030.7092370953
415900.08,-653180.4252890013,64215.29250644208,-588965.1327825593
415900.081,-653176.034059529,64361.17760602398,-588814.856453505
415900.082,-653134.071394749,64334.27637724341,-588799.7950175055
415900.08300000004,-653288.2419340591,64100.59330743135,-589187.6486266277
415900.08400000003,-653322.2806366167,64316.07733756068,-589006.203299056
415900.085,-653345.7226574578,64615.657403365076,-588730.0652540927
415900.086,-653155.2215005753,63780.66053257529,-589374.560968
415900.087,-653296.6853657865,63755.4285053083,-589541.2568604782
415900.08800000005,-653304.8685820693,64403.082428806694,-588901.7861532626
415900.08900000004,-653278.0800472177,63925.542519257404,-589352.5375279603
415900.09,-653341.3648090636,64401.069242748155,-588940.2955663154
415900.091,-653098.9109284078,64153.123064783795,-588945.787863624
415900.092,-653203.7251180633,64133.45796047522,-589070.267157588
415900.093,-653219.6019292127,64526.73601537918,-588692.8659138335
415900.09400000004,-653395.3010657073,64797.48947339913,-588597.8115923082
415900.09500000003,-653389.1490642303,64775.65760092843,-588613.4914633018
415900.096,-653118.5132937902,64234.79288862873,-588883.7204051614
415900.097,-653192.0939767833,64301.20804157392,-588890.8859352095
415900.098,-653250.5859745208,64271.216499991235,-588979.3694745295
415900.09900000005,-653319.3004198645,64191.00922256394,-589128.2911973005
415900.10000000003,-653220.26478871,64235.52579654252,-588984.7389921675
415900.2,-653312.5297411408,63920.51795349346,-589392.0117876474
415900.30000000005,-652945.5657021652,63632.498736847425,-589313.0669653178
415900.4,-653531.4206600524,64189.25249056509,-589342.1681694874
415900.5,-653823.8263231853,63816.60143554897,-590007.2248876364
415900.60000000003,-653285.5914883695,64383.174272557604,-588902.4172158119
415900.7,-653674.0255995975,64203.74626208603,-589470.2793375114
415900.80000000005,-653763.5964521099,64314.21300277067,-589449.3834493392
415900.9,-653544.4315071246,63775.477814979065,-589768.9536921455
415901.0,-653242.1245865489,64138.38759130865,-589103.7369952402
415901.10000000003,-653324.1652736156,64450.2400974627,-588873.925176153
415901.2,-653338.2778846405,63867.708449859165,-589470.5694347813
415901.30000000005,-653345.6169675958,64289.90606824867,-589055.7108993471
415901.4,-653737.5599407011,64508.79482753875,-589228.7651131623
415901.5,-653306.845842937,64298.26786640583,-589008.5779765311
415901.60000000003,-653559.3591910466,64211.58226317203,-589347.7769278745
415901.7,-653432.3080590868,64203.10623410346,-589229.2018249833
415901.80000000005,-653408.2037988978,64407.652136566205,-589000.5516623316
415901.9,-653513.3465021489,63801.70828570243,-589711.6382164465
415902.0,-653504.8573518561,63691.72583782456,-589813.1315140316
415902.10000000003,-653636.773731412,64082.449970094196,-589554.3237613179
415902.2,-653554.3966505523,64058.07081415552,-589496.3258363968
415902.30000000005,-653583.0702906771,64442.9689454531,-589140.1013452241
415902.4,-653466.57406723,64532.29622008013,-588934.2778471499
415902.5,-652970.1187238512,64424.24211400168,-588545.8766098495
415902.60000000003,-653290.4169816028,64122.45907500664,-589167.9579065961
415902.7,-653259.4265188781,64579.041549419446,-588680.3849694587
415902.80000000005,-653439.7387657114,63867.48591374169,-589572.2528519698
415902.9,-653660.049936135,64285.302976217106,-589374.7469599178
415903.0,-653899.6316749253,64095.858648363486,-589803.7730265618
415903.10000000003,-653915.8998947111,64293.71231435373,-589622.1875803573
415903.2,-653512.6731595754,63750.33593447065,-589762.3372251048
415903.30000000005,-653453.2663475736,64216.713391425175,-589236.5529561484
415903.4,-653242.3699976623,64303.37552291611,-588938.9944747462
415903.5,-653269.0849416186,64388.527259231196,-588880.5576823874
415903.60000000003,-653737.6399332285,64292.8857882039,-589444.7541450246
415903.7,-653396.6283825502,63738.706260402294,-589657.9221221479
415903.80000000005,-653411.7710267146,64427.84553913499,-588983.9254875795
415903.9,-653027.1142139565,64466.87352857749,-588560.240685379
415904.0,-653261.6407586811,64433.52339501525,-588828.1173636658
415904.10000000003,-653341.8218346969,64357.76940099189,-588984.0524337051
415904.2,-653159.4192164314,64618.26028920783,-588541.1589272236
415904.30000000005,-653306.2142446258,64261.79902440103,-589044.4152202248
415904.4,-653669.2981225871,64111.13736165709,-589558.16076093
415904.5,-653898.2593506859,64254.84746804928,-589643.4118826366
415904.60000000003,-653314.1449292294,63929.19047340244,-589384.9544558269
415904.7,-653882.8111257195,64224.9328756328,-589657.8782500867
415904.80000000005,-653441.9654090126,64178.35666827764,-589263.608740735
415904.9,-653592.8530163097,64355.24556249808,-589237.6074538116
415905.0,-653623.935120555,63983.9908332912,-589639.9442872638
415905.10000000003,-653626.951744606,63856.81817703851,-589770.1335675674
415905.2,-653687.3170653076,64494.1835723986,-589193.133492909
415905.30000000005,-653400.7068336378,64482.534925886175,-588918.1719077516
415905.4,-653331.4700948119,64337.10585970631,-588994.3642351056
415905.5,-653461.4632994442,64177.58616862668,-589283.8771308175
415905.60000000003,-653227.8844549459,64386.733165060024,-588841.1512898859
415905.7,-652808.403185742,63888.53174052782,-588919.8714452141
415905.80000000005,-653533.8124358177,63944.20221222834,-589589.6102235893
415905.9,-653499.0053337883,64419.562705673095,-589079.4426281153
415906.0,-653366.3919754501,64271.662226420245,-589094.7297490299
415906.10000000003,-653162.0706638328,64317.572190949475,-588844.4984728834
415906.2,-653398.7140216096,63921.49955596513,-589477.2144656444
415906.30000000005,-653156.9674400502,63906.292544639895,-589250.6748954103
415906.4,-653356.5368507754,64173.5445908691,-589182.9922599063
415906.5,-653130.921778242,64015.47346895482,-589115.4483092872
415906.60000000003,-653409.690814242,64119.26645097228,-589290.4243632697
415906.7,-653120.5191873414,63881.714735376416,-589238.804451965
415906.80000000005,-653343.3444495085,64193.14490881449,-589150.199540694
415906.9,-653283.8272048347,64226.97921933526,-589056.8479854994
415907.0,-653397.5004524677,64396.258380959356,-589001.2420715083
415907.10000000003,-653760.8240785657,64443.83595272272,-589316.988125843
415907.2,-653455.8867399902,64444.9943556077,-589010.8923843825
415907.30000000005,-653322.5673056045,63608.07031367697,-589714.4969919275
415907.4,-652995.7132346217,64505.34697516178,-588490.3662594599
415907.5,-653705.8943176764,63900.4421679104,-589805.452149766
415907.60000000003,-653460.2315759008,63823.480430372314,-589636.7511455285
415907.7,-653619.6169583965,64449.21162238448,-589170.405336012
415907.80000000005,-653103.5176553508,64490.071849152315,-588613.4458061985
415907.9,-653564.226183292,63796.30411637784,-589767.9220669142
415908.0,-653622.4675518449,64089.41603415531,-589533.0515176896
415908.10000000003,-653570.0937587656,64028.29418986081,-589541.7995689048
415908.2,-654020.8019030029,64343.569406971736,-589677.2324960312
415908.30000000005,-653499.1307931473,64148.488389118764,-589350.6424040284
415908.4,-653281.1770586413,64518.87362279318,-588762.3034358481
415908.5,-653722.0747633333,64139.78689150436,-589582.287871829
415908.60000000003,-653527.7883030021,64295.97340369345,-589231.8148993087
415908.7,-653850.8057896422,64103.157013048214,-589747.648776594
415908.80000000005,-653537.6019591824,64130.29098754246,-589407.3109716399
415908.9,-653088.1725040495,64205.20761604601,-588882.9648880034
415909.0,-653388.222168355,64416.41755268449,-588971.8046156706
415909.10000000003,-653458.9012296256,64138.51758478175,-589320.3836448438
415909.2,-653735.4745803674,64195.61691925942,-589539.857661108
415909.30000000005,-653769.9163172651,63908.67657573923,-589861.2397415258
415909.4,-653898.3953668079,64264.28389765271,-589634.1114691552
415909.5,-653641.2729406923,64580.98907373031,-589060.283866962
415909.60000000003,-653712.7373010295,63917.93949669316,-589794.7978043363
415909.7,-653822.4852247203,63861.567075045015,-589960.9181496754
415909.80000000005,-654023.655619341,64272.885791626395,-589750.7698277145
415909.9,-653837.7251321878,64188.06573856276,-589649.6593936251
415910.0,-653742.6491777045,64387.311634616584,-589355.3375430879
415910.10000000003,-654031.6429398153,63995.18795281069,-590036.4549870046
415910.2,-653840.5267028637,64061.293496188846,-589779.2332066749
415910.30000000005,-653855.286820523,64210.31679046556,-589644.9700300575
415910.4,-653811.9231923516,64472.84281359118,-589339.0803787604
415910.5,-653622.5604803464,63850.09027500651,-589772.47020534
415910.60000000003,-653735.7126512363,63785.70226347521,-589950.0103877612
415910.7,-653946.5300693865,64204.734070805825,-589741.7959985806
415910.80000000005,-653633.4912860559,64180.82676695712,-589452.6645190988
415910.9,-653556.7644942598,64155.34642061212,-589401.4180736478
415911.0,-653478.839544186,64023.84071027009,-589454.9988339159
415911.10000000003,-653421.011469447,64126.98081456709,-589294.03065488
415911.2,-653746.209825586,64389.36823551352,-589356.8415900724
415911.30000000005,-653438.2542931743,64307.119940034594,-589131.1343531397
415911.4,-653318.7765875587,64083.19885366301,-589235.5777338956
415911.5,-653313.2473151201,64173.94778829281,-589139.2995268273
415911.60000000003,-653551.2667878733,64383.97309605617,-589167.2936918172
415911.7,-653867.5850028335,64102.60552903169,-589764.9794738018
415911.80000000005,-653637.0120559817,63906.72324223295,-589730.2888137487
415911.9,-653718.5578858962,64181.25058917924,-589537.307296717
415912.0,-653616.3724845853,64290.45540081259,-589325.9170837727
415912.10000000003,-653676.4307887192,64228.76647450979,-589447.6643142094
415912.2,-653722.4105681734,64192.32950347895,-589530.0810646944
415912.30000000005,-653638.2946534926,64008.448842853366,-589629.8458106392
415912.4,-653688.2245848159,64015.05887678261,-589673.1657080333
415912.5,-653407.5682140084,64014.84902043347,-589392.7191935749
415912.60000000003,-653573.0117640182,64122.26603667636,-589450.7457273419
415912.7,-654234.3506450208,63822.557273785234,-590411.7933712356
415912.80000000005,-653441.2803473765,64003.66160387782,-589437.6187434987
415912.9,-654194.4314026718,64193.976224266924,-590000.4551784049
415913.0,-653645.6297568933,64566.14747942345,-589079.4822774698
415913.10000000003,-653198.6092109669,64005.160385533694,-589193.4488254332
415913.2,-652938.9222460752,64094.50782053349,-588844.4144255418
415913.30000000005,-653167.1378362636,63303.84316667982,-589863.2946695838
415913.4,-653222.4130493703,64075.67227682562,-589146.7407725446
415913.5,-653380.4193721714,64404.70538124309,-588975.7139909283
415913.60000000003,-653482.2432603359,64028.58657133126,-589453.6566890046
415913.7,-652939.5199856871,64368.81483057933,-588570.7051551078
415913.80000000005,-653456.4982008415,64051.268303593926,-589405.2298972475
415913.9,-653653.9485337584,64616.09103014896,-589037.8575036095
415914.0,-653314.3216103067,63812.29462112751,-589502.0269891792
415914.10000000003,-653773.2407664804,64098.26470648477,-589674.9760599957
415914.2,-653626.8671200387,64516.679250302244,-589110.1878697365
415914.30000000005,-653413.7475661177,64219.86518965525,-589193.8823764625
415914.4,-653234.8924427885,64813.71559371722,-588421.1768490713
415914.5,-653455.3639939645,64327.86441613127,-589127.4995778332
415914.60000000003,-653447.2403490146,64326.74990705236,-589120.4904419623
415914.7,-653734.3872459254,64190.49421900144,-589543.893026924
415914.80000000005,-653121.8909160537,64320.485488654376,-588801.4054273993
415914.9,-652932.5968185328,64403.16087387292,-588529.4359446599
415915.0,-653590.9873536399,64954.00360772282,-588636.9837459171
415915.10000000003,-653394.0052499082,64277.6598674361,-589116.345382472
415915.2,-653396.9323661067,64224.95643732822,-589171.9759287784
415915.30000000005,-653322.5987972241,64221.33303136393,-589101.2657658602
415915.4,-653370.8318875276,64283.6262216802,-589087.2056658474
415915.5,-653393.7748910902,64832.5082710374,-588561.2666200529
415915.60000000003,-653628.5841141036,64364.42324875276,-589264.1608653509
415915.7,-653717.6967091986,64415.462641329046,-589302.2340678696
415915.80000000005,-653411.0029819146,63859.52691424798,-589551.4760676665
415915.9,-653511.1160629088,64038.906065243405,-589472.2099976654
415916.0,-653460.7270336752,64149.275954923636,-589311.4510787516
415916.10000000003,-653596.3328908518,64054.91513909354,-589541.4177517582
415916.2,-653731.8870490992,64238.099584516385,-589493.7874645828
415916.30000000005,-653359.7964643553,63852.831815575,-589506.9646487803
415916.4,-653360.9490645903,63961.45346476955,-589399.4955998207
415916.5,-653429.7325969053,64377.25105939185,-589052.4815375134
415916.60000000003,-653574.7408567397,63953.59645475022,-589621.1444019894
415916.7,-653310.6852815927,64210.39934945652,-589100.2859321361
415916.80000000005,-653424.1478810783,64308.951331866345,-589115.196549212
415916.9,-653666.7824627373,64087.34270448366,-589579.4397582536
415917.0,-652695.1767722674,64200.92794046027,-588494.2488318072
415917.10000000003,-652782.8883986473,64667.83365110444,-588115.0547475428
415917.2,-652936.8703235271,64568.30798513344,-588368.5623383936
415917.30000000005,-652981.8688854333,64406.52544603507,-588575.3434393982
415917.4,-653033.0728125103,64054.344368290345,-588978.7284442199
415917.5,-653398.4553644902,64630.0363549506,-588768.4190095395
415917.60000000003,-652777.234476853,64751.898233704545,-588025.3362431485
415917.7,-653209.1550043209,63997.9072460333,-589211.2477582876
415917.80000000005,-652860.2203412061,64501.20248161161,-588359.0178595944
415917.9,-653271.4672981864,64095.182984264495,-589176.2843139219
415918.0,-653220.5036089811,64429.9357687584,-588790.5678402227
415918.10000000003,-653209.6731366919,63994.76781943171,-589214.9053172602
415918.2,-653703.7185777193,63978.90312509082,-589724.8154526284
415918.30000000005,-653246.4506546153,64028.79142268321,-589217.6592319321
415918.4,-653384.749498242,64082.47891036688,-589302.2705878752
415918.5,-653345.809367901,64381.456881240665,-588964.3524866602
415918.60000000003,-653168.1371600411,64359.15016427407,-588808.9869957671
415918.7,-653035.4536830396,64405.88348412275,-588629.5701989168
415918.80000000005,-653029.3671469872,64016.23147221986,-589013.1356747674
415918.9,-652803.4935499105,63985.07252329594,-588818.4210266145
415919.0,-653183.0943573405,64236.16971102325,-588946.9246463173
415919.10000000003,-653460.155493756,63877.444463910906,-589582.7110298452
415919.2,-653329.1441564739,64204.02879770154,-589125.1153587723
415919.30000000005,-653427.8911745499,64245.0841281967,-589182.8070463532
415919.4,-653193.4437119834,64060.93008712059,-589132.5136248628
415919.5,-653364.4745775575,64144.13697993433,-589220.3375976232
415919.60000000003,-653808.3394379793,64139.86378895548,-589668.4756490238
415919.7,-653508.9809978071,64108.95620178648,-589400.0247960206
415919.80000000005,-653127.878299512,64467.42321155776,-588660.4550879542
415919.9,-653073.0209479295,63919.31643544392,-589153.7045124855
415920.0,-653399.7732658064,64034.12291733579,-589365.6503484705
415920.10000000003,-653251.4468912731,63820.92965826287,-589430.5172330103
415920.2,-652826.3457158824,64240.924444279844,-588585.4212716025
415920.30000000005,-653293.9453074317,63781.62998821479,-589512.3153192169
415920.4,-653391.4749209882,64243.699833603736,-589147.7750873845
415920.5,-653387.5976563814,64081.95407817126,-589305.6435782101
415920.60000000003,-653265.2215054906,64158.91902240198,-589106.3024830886
415920.7,-653392.805604382,63871.06773815688,-589521.7378662251
415920.80000000005,-653069.3078179416,64381.648696303295,-588687.6591216384
415920.9,-653074.4112407072,63815.80246393861,-589258.6087767686
415921.0,-653291.4613564957,64060.677503434476,-589230.7838530613
415921.10000000003,-653128.0176883647,64316.52066398354,-588811.4970243812
415921.2,-653338.1339307488,64053.33742915047,-589284.7965015983
415921.30000000005,-653140.5798311091,64123.572359339494,-589017.0074717697
415921.4,-653169.7025212874,64179.48788276161,-588990.2146385257
415921.5,-653215.4795346238,64053.767247363925,-589161.7122872599
415921.60000000003,-652898.8403310934,64105.74323104707,-588793.0971000463
415921.7,-652991.8201739844,64173.47696942873,-588818.3432045557
415921.80000000005,-653058.9396259589,64240.73456867236,-588818.2050572865
415921.9,-652476.1318211296,64331.56200095441,-588144.5698201752
415922.0,-652930.3921316406,64079.59435207088,-588850.7977795696
415922.10000000003,-653114.4788457627,63976.484708499906,-589137.9941372628
415922.2,-653015.6895216687,64375.29258641022,-588640.3969352585
415922.30000000005,-653043.7150917151,64101.13478719475,-588942.5803045203
415922.4,-653097.2739640833,63620.766500668484,-589476.5074634148
415922.5,-652677.934891559,63876.07924779966,-588801.8556437592
415922.60000000003,-653137.9371885302,64273.337896251076,-588864.5992922791
415922.7,-653184.0341207692,64180.765669479144,-589003.2684512901
415922.80000000005,-653147.5204230658,64304.84890951571,-588842.67151355
415922.9,-653029.9333336875,64240.54089317011,-588789.3924405174
415923.0,-653432.807273889,64192.87365718777,-589239.9336167012
415923.10000000003,-653270.1972479915,64513.24199564381,-588756.9552523476
415923.2,-653483.4105618033,64404.10517916281,-589079.3053826405
415923.30000000005,-653356.2617915715,64387.48339346952,-588968.778398102
415923.4,-653218.4016679642,64383.79405959445,-588834.6076083698
415923.5,-653225.081990038,63998.67963908349,-589226.4023509546
415923.60000000003,-652996.3368569107,64741.73878295884,-588254.5980739519
415923.7,-653446.2383336187,63815.72568238903,-589630.5126512297
415923.80000000005,-653591.7470718354,63779.75609263024,-589811.9909792052
415923.9,-653589.047224742,64252.106450622465,-589336.9407741196
415924.0,-653312.968133483,63762.871833568286,-589550.0962999146
415924.10000000003,-653528.4409224235,63650.28614581753,-589878.154776606
415924.2,-653435.8455972003,64146.849519984615,-589288.9960772158
415924.30000000005,-652808.8178755717,64229.565289745755,-588579.2525858259
415924.4,-653155.5395165073,63659.47318001588,-589496.0663364914
415924.5,-653596.4768759636,63835.09969122158,-589761.377184742
415924.60000000003,-653508.0382760211,64535.9700038404,-588972.0682721807
415924.7,-653854.1468437177,64360.205252527274,-589493.9415911904
415924.80000000005,-653496.9614718659,64045.35078595839,-589451.6106859075
415924.9,-653749.080583496,63943.14340707865,-589805.9371764173
415925.0,-654151.6539917836,63849.070272605066,-590302.5837191786
415925.10000000003,-653837.5164212859,64458.9775506937,-589378.5388705923
415925.2,-653320.5623822139,64741.24360153536,-588579.3187806786
415925.30000000005,-653087.5019391675,64069.03995079041,-589018.4619883772
415925.4,-653349.1975486873,64306.992366581886,-589042.2051821054
415925.5,-653098.1498254883,64045.21334005721,-589052.9364854312
415925.60000000003,-653177.1159037731,64186.35414373713,-588990.761760036
415925.7,-653217.3899543962,64221.83442951193,-588995.5555248843
415925.80000000005,-652939.1284736525,63953.68021380105,-588985.4482598514
415925.9,-653309.5567032956,64129.52981400857,-589180.0268892869
415926.0,-653031.2111275244,64405.06255679161,-588626.1485707328
415926.10000000003,-652917.6630705423,64472.163565539726,-588445.4995050025
415926.2,-653312.1236005876,64801.96956982793,-588510.1540307597
415926.30000000005,-653164.0105943545,63934.81168955985,-589229.1989047946
415926.4,-653084.189974962,64339.80271399136,-588744.3872609707
415926.5,-653302.5849617969,64011.59319925511,-589290.9917625418
415926.60000000003,-653115.648911447,64455.030150804734,-588660.6187606422
415926.7,-653045.9886655884,64374.323895168185,-588671.6647704203
415926.80000000005,-653249.8755771713,64556.50959279557,-588693.3659843758
415926.9,-653619.5254878532,64516.59237986181,-589102.9331079914
415927.0,-653469.7062083714,64449.45086281521,-589020.2553455562
415927.10000000003,-653341.1877881762,64325.059133345756,-589016.1286548305
415927.2,-653515.8326758959,64343.30394700584,-589172.52872889
415927.30000000005,-653294.7630706895,64229.94993240223,-589064.8131382873
415927.4,-653321.5141462482,64174.58769016125,-589146.926456087
415927.5,-653497.9600405552,63783.99624582584,-589713.9637947294
415927.60000000003,-653609.8700177532,64087.761794455924,-589522.1082232973
415927.7,-653847.2642803817,64391.73486121147,-589455.5294191702
415927.80000000005,-653314.1367344124,63876.87968056105,-589437.2570538514
415927.9,-653475.2785780582,64066.928078318466,-589408.3504997398
415928.0,-653332.3818462371,64444.23481901708,-588888.14702722
415928.10000000003,-653205.8149124627,64457.64000809235,-588748.1749043703
415928.2,-653489.906894837,64051.07368445511,-589438.8332103819
415928.30000000005,-653528.711966452,64106.59886419558,-589422.1131022563
415928.4,-653340.6837378915,64143.06143160021,-589197.6223062912
415928.5,-652892.2342518431,63858.88568778767,-589033.3485640554
415928.60000000003,-653356.0935204409,64185.6789447561,-589170.4145756848
415928.7,-653191.9064165116,64130.87381516759,-589061.032601344
415928.80000000005,-653487.5875194165,64196.927779141624,-589290.6597402749
415928.9,-653151.1510395529,64328.486667500394,-588822.6643720525
415929.0,-652978.9241848001,64356.14009580493,-588622.7840889952
415929.10000000003,-653010.6893947539,63909.96096822001,-589100.7284265339
415929.2,-653296.774926771,64273.312867717286,-589023.4620590537
415929.30000000005,-653111.5049844147,64213.32940514402,-588898.1755792707
415929.4,-653387.8672569242,64109.55306538599,-589278.3141915381
415929.5,-653367.0880991244,64487.951357425125,-588879.1367416993
415929.60000000003,-653814.3995012762,64444.178048574475,-589370.2214527017
415929.7,-653567.8065421474,64564.70350591584,-589003.1030362316
415929.80000000005,-653363.2121383932,64143.200999073844,-589220.0111393194
415929.9,-653487.7386472948,64125.91933317717,-589361.8193141177
415930.0,-653423.2770385005,64442.98153025468,-588980.2955082458
415930.10000000003,-653748.9281128817,64573.0867888539,-589175.8413240279
415930.2,-653751.8311952886,64352.90675424942,-589398.9244410391
415930.30000000005,-653286.2340854935,63944.81637961324,-589341.4177058802
415930.4,-653604.5113794988,64306.440261053955,-589298.0711184448
415930.5,-653068.848626483,63946.12707660181,-589122.7215498812
415930.60000000003,-653546.1920270934,64197.66133262399,-589348.5306944693
415930.7,-653767.9551632619,64383.311224123594,-589384.6439391383
415930.80000000005,-653309.0879445979,64678.103328424215,-588630.9846161737
415930.9,-653567.6060311758,63843.92785633635,-589723.6781748395
415931.0,-653338.1118486865,64583.91427358277,-588754.1975751037
415931.10000000003,-653052.1985908332,64197.096889311375,-588855.1017015219
415931.2,-653281.8547745624,64188.63573377463,-589093.2190407878
415931.30000000005,-653308.8395800284,64006.92080332648,-589301.9187767019
415931.4,-653660.0148261661,63991.32072727394,-589668.6940988922
415931.5,-653530.9615727133,64095.94451618791,-589435.0170565255
415931.60000000003,-653146.2430665167,64173.393754984565,-588972.8493115321
415931.7,-653212.64863725,64223.25349586046,-588989.3951413895
415931.80000000005,-653384.1457029753,64554.77232039162,-588829.3733825837
415931.9,-653350.099897844,64361.88109251529,-588988.2188053287
415932.0,-653230.5051026286,64188.22937517066,-589042.275727458
415932.10000000003,-653429.7428860627,64077.35761087367,-589352.3852751891
415932.2,-653252.5517201275,64509.425299001974,-588743.1264211255
415932.30000000005,-653338.9280040096,64350.71832459228,-588988.2096794173
415932.4,-653414.6746084855,63786.873858545994,-589627.8007499395
415932.5,-652796.2883718809,64199.556734083555,-588596.7316377973
415932.60000000003,-653139.5418855455,64289.79775348058,-588849.7441320649
415932.7,-653161.6289012386,63910.83225148755,-589250.796649751
415932.80000000005,-653349.9525843927,64227.24496078369,-589122.7076236091
415932.9,-653283.1287379301,64092.99544655642,-589190.1332913737
415933.0,-653155.3686159168,64152.89838165571,-589002.4702342611
415933.10000000003,-653373.0195960709,63835.76938219748,-589537.2502138733
415933.2,-653219.1984470622,64188.88452751895,-589030.3139195432
415933.30000000005,-653359.3708561526,64747.88544082231,-588611.4854153303
415933.4,-652945.1812155024,64128.077667085665,-588817.1035484168
415933.5,-652972.9563150213,64317.088533003014,-588655.8677820183
415933.60000000003,-653074.7791540455,63991.71673984152,-589083.062414204
415933.7,-653003.1088495664,64324.95156218213,-588678.1572873843
415933.80000000005,-653066.9801070981,64178.48014568546,-588888.4999614126
415933.9,-653426.1768207652,64428.19858982546,-588997.9782309398
415934.0,-652999.4000437146,64206.738641230215,-588792.6614024844
415934.10000000003,-653519.0578309187,64125.274467676034,-589393.7833632426
415934.2,-653456.0023147918,64388.01081005838,-589067.9915047335
415934.30000000005,-653462.8375967913,63884.09367636802,-589578.7439204233
415934.4,-653519.875351335,63948.557590939425,-589571.3177603956
415934.5,-653190.8294791942,64195.800333623396,-588995.0291455708
415934.60000000003,-653134.3480269006,64328.95145684688,-588805.3965700537
415934.7,-653079.553144976,64322.932470947344,-588756.6206740286
415934.80000000005,-653017.7712652689,63952.76566006181,-589065.005605207
415934.9,-652547.5385213424,64227.155895155214,-588320.3826261873
415935.0,-652881.0254025108,64059.955131508155,-588821.0702710026
415935.10000000003,-653138.9986330303,64122.5307935396,-589016.4678394907
415935.2,-652933.7405566722,64418.07512311012,-588515.6654335621
415935.30000000005,-652738.6787442255,64160.836829835,-588577.8419143906
415935.4,-652900.5130456068,64389.0057435225,-588511.5073020842
415935.5,-652943.8254760646,64195.5271264437,-588748.2983496209
415935.60000000003,-653128.9109148163,64330.834518494325,-588798.076396322
415935.7,-653048.8232187126,64252.61292374147,-588796.2102949711
415935.80000000005,-653363.6940025494,64151.05703810662,-589212.6369644428
415935.9,-653143.7613026596,63983.14208614866,-589160.619216511
415936.0,-653348.407262162,64538.44823808936,-588809.9590240726
415936.10000000003,-653249.9493910555,64722.78408149996,-588527.1653095556
415936.2,-653213.8818066341,63931.72543605574,-589282.1563705783
415936.30000000005,-652688.177221054,64016.282971139124,-588671.8942499149
415936.4,-653122.3535549506,64056.9949774594,-589065.3585774911
415936.5,-652761.9963788923,64053.74056744188,-588708.2558114504
415936.60000000003,-652888.446486606,64456.52722981328,-588431.9192567928
415936.7,-652746.3643014983,64100.13954674871,-588646.2247547496
415936.80000000005,-653088.2127461294,64246.66211275651,-588841.5506333729
415936.9,-653026.8318958151,63947.26378905796,-589079.5681067571
415937.0,-653335.101533285,64190.37345768957,-589144.7280755955
415937.10000000003,-653149.7580722632,64189.20047207751,-588960.5576001857
415937.2,-653248.2323644944,64422.21746259706,-588826.0149018973
415937.30000000005,-653256.7170708234,64313.522838432575,-588943.1942323908
415937.4,-653115.4170875691,64243.50346621967,-588871.9136213495
415937.5,-653318.8766261801,63903.47095472692,-589415.4056714532
415937.60000000003,-653228.689716018,64044.23297243762,-589184.4567435804
415937.7,-652925.9547112309,64407.65932144253,-588518.2953897885
415937.80000000005,-652984.6788567014,64220.41206273524,-588764.2667939661
415937.9,-652890.897629258,64229.30284657412,-588661.5947826839
415938.0,-653199.801675044,64505.39549347623,-588694.4061815678
415938.10000000003,-653256.1907450384,63843.55511959547,-589412.635625443
415938.2,-653313.4766259792,64013.84116210919,-589299.63546387
415938.30000000005,-653263.2566896435,64256.68432786083,-589006.5723617827
415938.4,-653245.3353934356,64237.94701021532,-589007.3883832202
415938.5,-653170.8532500875,63948.65340671046,-589222.199843377
415938.60000000003,-653140.4453528761,64271.0499393689,-588869.3954135072
415938.7,-653613.9715850629,63946.77472858409,-589667.1968564788
415938.80000000005,-653638.1401766656,64042.889137264385,-589595.2510394013
415938.9,-653292.5315554207,64524.612667261055,-588767.9188881597
415939.0,-652910.6358043663,64064.60935403309,-588846.0264503332
415939.10000000003,-653360.4611344136,64038.76715648354,-589321.6939779301
415939.2,-653456.5484278403,64554.58018124614,-588901.9682465942
415939.30000000005,-653722.9268672357,64619.01009762914,-589103.9167696065
415939.4,-653504.6179018291,64488.05663804806,-589016.561263781
415939.5,-653408.7704158511,64207.46422659319,-589201.306189258
415939.60000000003,-653535.6371458166,64442.01404628469,-589093.6230995319
415939.7,-653730.052077608,64387.48831715227,-589342.5637604557
415939.80000000005,-653731.3353454326,63863.69569234898,-589867.6396530836
415939.9,-653385.5645868913,64389.05432962733,-588996.510257264
415940.0,-653528.4010147012,64531.95584414966,-588996.4451705515
415940.10000000003,-653171.0400805054,64162.6935690424,-589008.346511463
415940.2,-653059.0136016193,64391.786929480695,-588667.2266721386
415940.30000000005,-653382.1660593819,63892.163124728,-589490.0029346539
415940.4,-653194.8699910131,63827.03445946347,-589367.8355315496
415940.5,-653265.9432497321,64334.762783667546,-588931.1804660646
415940.60000000003,-653017.375344946,64188.82306891421,-588828.5522760318
415940.7,-652940.4242726674,64874.31554135743,-588066.10873131
415940.80000000005,-653001.7250992351,64269.888227472584,-588731.8368717625
415940.9,-653422.9849019528,64366.97282289992,-589056.0120790529
415941.0,-653286.0699661523,64534.708671481596,-588751.3612946707
415941.10000000003,-653441.9699471395,63876.95269621782,-589565.0172509217
415941.2,-653167.6158528861,64702.19032559967,-588465.4255272865
415941.30000000005,-653774.3648003547,64032.2849920523,-589742.0798083025
415941.4,-653214.2978843718,64472.434876111045,-588741.8630082607
415941.5,-653606.3042977967,64020.42004288947,-589585.8842549073
415941.60000000003,-653152.1321060949,64014.94471019561,-589137.1873958992
415941.7,-653850.1209713081,64017.79779875696,-589832.3231725511
415941.80000000005,-653899.1941368056,64253.52135175107,-589645.6727850545
415941.9,-654103.3659666507,64415.752592410354,-589687.6133742403
415942.0,-654384.9961480442,64515.015653368406,-589869.9804946758
415942.10000000003,-653656.8123288788,64261.65735854902,-589395.1549703297
415942.2,-653677.4449299615,64177.710276977654,-589499.7346529838
415942.30000000005,-653788.5262385062,63934.830206004954,-589853.6960325013
415942.4,-653672.6436682601,64026.685129624646,-589645.9585386354
415942.5,-653942.4102323866,64142.326922927445,-589800.0833094592
415942.60000000003,-653538.3964803835,63742.40581942226,-589795.9906609613
415942.7,-653827.498334863,64312.74558921244,-589514.7527456506
415942.80000000005,-653606.560400422,64158.71897608758,-589447.8414243343
415942.9,-653445.3596319233,64299.188044592505,-589146.1715873308
415943.0,-654096.3434993089,64144.97219726243,-589951.3713020465
415943.10000000003,-654063.0129546662,64132.74665187454,-589930.2663027917
415943.2,-653448.8815278594,63943.924209664125,-589504.9573181953
415943.30000000005,-654077.9087685291,63906.86663060961,-590171.0421379195
415943.4,-653581.0601957708,64442.65137532643,-589138.4088204444
415943.5,-653882.736204895,64612.41890118648,-589270.3173037085
415943.60000000003,-653686.1922483793,63983.74749518852,-589702.4447531909
415943.7,-653426.8796876704,64380.68511244371,-589046.1945752266
415943.80000000005,-653703.7152697244,64152.4137049483,-589551.3015647761
415943.9,-653661.9216809574,64244.371790943944,-589417.5498900135
415944.0,-653603.0071602366,64601.72018044493,-589001.2869797917
415944.10000000003,-653462.6964949893,63928.02676653852,-589534.6697284508
415944.2,-653765.673599913,63977.5814096508,-589788.0921902622
415944.30000000005,-653644.709991921,64250.0349622256,-589394.6750296954
415944.4,-653795.5602662255,64405.56763756594,-589389.9926286596
415944.5,-653648.1640973487,64797.42569942512,-588850.7383979235
415944.60000000003,-653472.1227994976,63945.41314754936,-589526.7096519482
415944.7,-653571.228858902,64333.878255389856,-589237.3506035121
415944.80000000005,-653757.7583180821,64475.25542771648,-589282.5028903655
415944.9,-653492.7271009742,64187.530269217605,-589305.1968317566
415945.0,-653675.8318324866,64278.447690929665,-589397.3841415569
415945.10000000003,-653484.6711151006,64287.11815736728,-589197.5529577334
415945.2,-653717.2213642481,64297.226964009315,-589419.9944002387
415945.30000000005,-653647.6834356887,64381.47058466696,-589266.2128510218
415945.4,-653608.2613895412,64369.50391711107,-589238.7574724301
415945.5,-653611.1056030632,64315.45996177824,-589295.645641285
415945.60000000003,-653248.617371776,64522.62945342167,-588725.9879183543
415945.7,-653317.9205509061,64112.72559083173,-589205.1949600744
415945.80000000005,-653315.5208630253,64203.56523243978,-589111.9556305856
415945.9,-653606.0059687848,64107.90750437259,-589498.0984644121
415946.0,-653402.1349525135,64356.22168556912,-589045.9132669443
415946.10000000003,-653441.7261326134,63979.31657917203,-589462.4095534413
415946.2,-653454.7121243615,64100.27101956796,-589354.4411047936
415946.30000000005,-653103.2836018354,64156.126324037716,-588947.1572777977
415946.4,-653308.8543437857,64304.15256601756,-589004.7017777681
415946.5,-653406.6586263366,64308.90354990914,-589097.7550764275
415946.60000000003,-653493.9382844195,64196.06730227595,-589297.8709821436
415946.7,-653691.9193644733,64366.87803121228,-589325.0413332611
415946.80000000005,-653827.8084428904,64066.68791795986,-589761.1205249305
415946.9,-653454.4457792789,64149.98599475004,-589304.4597845288
415947.0,-653716.515541278,64770.122208423534,-588946.3933328544
415947.10000000003,-653139.1386546267,64033.89479560519,-589105.2438590215
415947.2,-653122.4552161474,64157.9755956187,-588964.4796205286
415947.30000000005,-653453.02601679,64614.88745845011,-588838.1385583398
415947.4,-653197.3144506649,63740.571672247825,-589456.7427784171
415947.5,-653492.5055592117,64206.5907344439,-589285.9148247679
415947.60000000003,-653583.982238137,64244.060434998784,-589339.9218031382
415947.7,-653412.2240573387,64389.96951346004,-589022.2545438786
415947.80000000005,-653297.9185031347,64711.34580074508,-588586.5727023897
415947.9,-653784.487992187,64027.22684347576,-589757.2611487113
415948.0,-653582.2043954339,64205.18255299979,-589377.0218424341
415948.10000000003,-653708.1324933143,63939.977589715585,-589768.1549035987
415948.2,-653922.9626285244,64247.84005724976,-589675.1225712746
415948.30000000005,-653305.8917038664,64437.04320465069,-588868.8484992157
415948.4,-653737.3641522788,64728.94279360141,-589008.4213586773
415948.5,-653279.3556888103,64170.15271830824,-589109.2029705021
415948.60000000003,-653476.8640223895,64193.4318156895,-589283.4322067
415948.7,-653476.3450144879,64192.23593615005,-589284.1090783378
415948.80000000005,-653458.090551981,64495.41871585072,-588962.6718361303
415948.9,-653739.9990961116,64031.40170076881,-589708.5973953428
415949.0,-653635.1161593143,64509.079237334634,-589126.0369219796
415949.10000000003,-652944.7849091727,64500.06365042423,-588444.7212587484
415949.2,-653202.9293355899,64623.92669006469,-588579.0026455252
415949.30000000005,-653046.189847847,64650.97541444356,-588395.2144334035
415949.4,-653209.5888575403,64506.93661375427,-588702.652243786
415949.5,-653314.3188090052,64273.88718167416,-589040.4316273311
415949.60000000003,-653006.390122383,64400.07190808604,-588606.318214297
415949.7,-652922.3876604612,64176.92568027915,-588745.4619801821
415949.80000000005,-653281.4991353236,64512.569034860644,-588768.9301004629
415949.9,-653145.7064949179,64123.812947725695,-589021.8935471922
415950.0,-653531.3354404633,64030.063209888474,-589501.2722305747
415950.10000000003,-653629.0113791149,64139.82450755098,-589489.186871564
415950.2,-653249.9868924505,64272.83136037283,-588977.1555320777
415950.30000000005,-653501.5297344703,63738.95552894003,-589762.5742055302
415950.4,-653473.0326969698,63777.965064628035,-589695.0676323418
415950.5,-652999.9862942036,64238.29937246433,-588761.6869217393
415950.60000000003,-653301.8766736086,64029.29792125366,-589272.578752355
415950.7,-653418.9716804882,64133.425377870706,-589285.5463026175
415950.80000000005,-653874.2975608979,64365.38017513522,-589508.9173857627
415950.9,-653817.0129401428,64232.299377583586,-589584.7135625592
415951.0,-653636.268056558,64489.590230442125,-589146.6778261159
415951.10000000003,-653197.0405679338,64116.22981263644,-589080.8107552974
415951.2,-653573.230022871,64316.90951790979,-589256.3205049613
415951.30000000005,-653556.8149133604,64534.45823495966,-589022.3566784008
415951.4,-653672.2255108345,64104.39636437148,-589567.829146463
415951.5,-653362.4693920354,63837.28834925,-589525.1810427854
415951.60000000003,-653461.7913485087,64555.86813056616,-588905.9232179425
415951.7,-653350.8762783787,64268.61926233163,-589082.257016047
415951.80000000005,-653406.4463295985,64236.9403264828,-589169.5060031158
415951.9,-653589.4575528067,64352.65888420699,-589236.7986685997
415952.0,-653128.2039385098,63951.5125389009,-589176.6913996089
415952.10000000003,-653779.3909280733,64304.99728930025,-589474.3936387731
415952.2,-653460.9037049504,64200.39652626771,-589260.5071786826
415952.30000000005,-653388.3665517471,64341.20884845207,-589047.157703295
415952.4,-653434.9738228079,64202.11426766243,-589232.8595551455
415952.5,-653760.2320284746,64333.88438607131,-589426.3476424032
415952.60000000003,-653468.3243544905,64189.630627479986,-589278.6937270105
415952.7,-653527.4668979007,64590.58966125255,-588936.8772366481
415952.80000000005,-653316.688300543,63633.69134827792,-589682.996952265
415952.9,-653419.4102089605,64182.725791581484,-589236.6844173791
415953.0,-653137.0022822286,64489.87937381649,-588647.122908412
415953.10000000003,-653163.4312141212,64670.88961943181,-588492.5415946894
415953.2,-653802.7647096625,64420.76576129896,-589381.9989483636
415953.30000000005,-653407.4044719444,64099.660549390086,-589307.7439225543
415953.4,-653233.8362057945,64412.48974705298,-588821.3464587415
415953.5,-652678.3023187249,64444.80112497011,-588233.5011937548
415953.60000000003,-652897.6067535856,64384.116862245406,-588513.4898913403
415953.7,-652936.5441307124,64319.9768721374,-588616.567258575
415953.80000000005,-652927.6299938546,64380.63841125024,-588546.9915826044
415953.9,-653450.905410319,64248.49264964147,-589202.4127606775
415954.0,-653301.298547362,64462.39528301028,-588838.9032643517
415954.10000000003,-653930.9528438067,64055.67206824299,-589875.2807755637
415954.2,-653692.546395865,64162.37787336347,-589530.1685225016
415954.30000000005,-653667.148595854,64468.738526675595,-589198.4100691784
415954.4,-653445.9692795456,64121.58853811816,-589324.3807414274
415954.5,-653234.2557777094,64394.1767777362,-588840.0789999733
415954.60000000003,-653200.2029036884,64150.090105906,-589050.1127977824
415954.7,-652975.865245996,64145.866077394894,-588829.9991686011
415954.80000000005,-653044.2663089407,63873.289101771414,-589170.9772071693
415954.9,-653691.5190304782,64202.64878275254,-589488.8702477256
415955.0,-653546.5659828738,64657.86305776597,-588888.7029251078
415955.10000000003,-653496.9262988665,64434.972924296104,-589061.9533745705
415955.2,-653657.4874702102,64503.53047627054,-589153.9569939396
415955.30000000005,-653411.5203491434,64094.20256630878,-589317.3177828346
415955.4,-653760.0202033394,64168.27240635622,-589591.7477969832
415955.5,-653491.4154172298,63890.498537120875,-589600.9168801089
415955.60000000003,-653457.2633636257,64018.18573982474,-589439.077623801
415955.7,-653321.7187970914,64202.45559744906,-589119.2631996423
415955.80000000005,-653710.9085064465,64298.12714547683,-589412.7813609696
415955.9,-653379.8335658605,64204.40563020515,-589175.4279356553
415956.0,-653433.3936723843,64096.18597621693,-589337.2076961674
415956.10000000003,-653695.8917756616,64239.07466122908,-589456.8171144326
415956.2,-653302.6592594649,64175.65824734268,-589127.0010121223
415956.30000000005,-652708.7141518502,64226.827397001536,-588481.8867548486
415956.4,-653009.8903859856,64166.37476786681,-588843.5156181188
415956.5,-652677.5038508698,64338.61231936996,-588338.8915314999
415956.60000000003,-653163.8116597158,64187.19076881056,-588976.6208909053
415956.7,-653398.0000890724,64552.88768136432,-588845.1124077081
415956.80000000005,-653167.3150877894,64332.58984869115,-588834.7252390983
415956.9,-652919.9136522937,64000.523036604354,-588919.3906156893
415957.0,-652664.5958515849,64598.82946327764,-588065.7663883073
415957.10000000003,-653504.3120238363,64065.12560839288,-589439.1864154434
415957.2,-653464.7712818645,64553.74885109969,-588911.0224307647
415957.30000000005,-652851.3106986575,64454.58948058837,-588396.7212180692
415957.4,-653407.9888039193,64236.633926395836,-589171.3548775235
415957.5,-652966.3626893694,64128.8342750095,-588837.5284143599
415957.60000000003,-653144.3532216351,64453.88098502488,-588690.4722366103
415957.7,-653200.1730488248,64588.42917755192,-588611.7438712729
415957.80000000005,-653215.0780834681,63797.007036548486,-589418.0710469197
415957.9,-653587.8223980728,63813.136253409626,-589774.6861446631
415958.0,-653383.9860209171,63985.34889944849,-589398.6371214685
415958.10000000003,-653176.3039226092,64461.592981041904,-588714.7109415673
415958.2,-653232.5300744023,64772.84858284943,-588459.6814915529
415958.30000000005,-652875.9579822475,64147.94163583509,-588728.0163464124
415958.4,-653316.6901531948,64427.1599123749,-588889.5302408199
415958.5,-652988.305565987,63779.2158779062,-589209.0896880808
415958.60000000003,-653302.2927021103,64137.36047282087,-589164.9322292894
415958.7,-653022.1923265542,64103.76053447813,-588918.4317920761
415958.80000000005,-653297.2421783372,64183.63958360346,-589113.6025947337
415958.9,-653274.0609576538,64027.12658412782,-589246.934373526
415959.0,-653265.8353364542,64437.46556624807,-588828.3697702062
415959.10000000003,-653579.5022933488,64399.1306581885,-589180.3716351603
415959.2,-653220.9678918425,64384.36591147441,-588836.601980368
415959.30000000005,-653500.3991637726,64299.89748787882,-589200.5016758938
415959.4,-653555.6936773687,63750.52245884089,-589805.1712185278
415959.5,-653558.5575971629,63952.772758741456,-589605.7848384215
415959.60000000003,-653090.8819757893,64017.48721791647,-589073.3947578729
415959.7,-653364.9579390136,64732.06229455517,-588632.8956444585
415959.80000000005,-653504.6152790658,63915.70373566357,-589588.9115434022
415959.9,-653048.4588248094,63852.68462780767,-589195.7741970017
415960.0,-652818.0905304188,64381.73410996663,-588436.3564204521
415960.10000000003,-653029.8732319935,64498.83638007766,-588531.0368519159
415960.2,-653220.6599403524,64167.48666090999,-589053.1732794425
415960.30000000005,-653315.5401953543,64104.22245473622,-589211.317740618
415960.4,-653474.9271756473,64383.559456449184,-589091.3677191981
415960.5,-653232.1881604518,64444.21892215449,-588787.9692382973
415960.60000000003,-652888.2905185167,64097.28947901711,-588791.0010394995
415960.7,-653030.3316792389,63941.29863917144,-589089.0330400675
415960.80000000005,-653313.0577057528,63780.05375226008,-589533.0039534927
415960.9,-653201.9648582243,64154.025160041405,-589047.9396981829
415961.0,-653168.6049926472,64206.58342938726,-588962.0215632599
415961.10000000003,-653153.9491575495,64342.633780000586,-588811.3153775489
415961.2,-653702.0886034032,64566.15456764678,-589135.9340357564
415961.30000000005,-653720.2187973651,64167.33912330438,-589552.8796740607
415961.4,-653636.3670457025,64215.31080255024,-589421.0562431522
415961.5,-653387.8482506725,64326.28377865664,-589061.5644720158
415961.60000000003,-653251.9908554801,63969.07464529539,-589282.9162101847
415961.7,-653670.4084196636,63807.214422587815,-589863.1939970758
415961.80000000005,-653414.8460095276,64395.57511781559,-589019.2708917119
415961.9,-653266.2289234225,63918.16765337461,-589348.0612700479
415962.0,-653537.323296716,63976.96104947584,-589560.3622472401
415962.10000000003,-653551.6955537882,64186.55639167613,-589365.139162112
415962.2,-653452.9703513398,64072.66878939557,-589380.3015619442
415962.30000000005,-653154.247280096,64480.56391538443,-588673.6833647116
415962.4,-653181.6088727785,64103.92558216852,-589077.68329061
415962.5,-653693.5957192436,64130.91271483918,-589562.6830044044
415962.60000000003,-653610.3521424957,63964.76558485967,-589645.586557636
415962.7,-653478.6932347458,63926.10989537588,-589552.5833393699
415962.80000000005,-653965.9452452601,63903.7493717861,-590062.195873474
415962.9,-653791.2427134005,64227.316627467604,-589563.9260859329
415963.0,-653730.4841604198,64507.49645031263,-589222.9877101071
415963.10000000003,-653726.7941075985,64166.02577418851,-589560.76833341
415963.2,-653657.5555984711,63789.93450967637,-589867.6210887947
415963.30000000005,-653546.7377398754,64297.35970682712,-589249.3780330484
415963.4,-653725.1900756997,64458.74112670663,-589266.4489489931
415963.5,-653562.0238869431,64355.712634899544,-589206.3112520436
415963.60000000003,-653299.3607709367,64210.74512887565,-589088.6156420611
415963.7,-653398.6947763328,64564.37734832404,-588834.3174280088
415963.80000000005,-653711.94759678,64419.78560872906,-589292.1619880509
415963.9,-653513.6859522684,64260.02516867749,-589253.660783591
415964.0,-653338.375652042,63536.70636937019,-589801.6692826718
415964.10000000003,-653187.6808529733,64061.12505337999,-589126.5557995932
415964.2,-653002.9631550591,64346.42269608678,-588656.5404589723
415964.30000000005,-653220.1860007441,64054.16457384103,-589166.0214269031
415964.4,-653406.9503276662,64106.492541886895,-589300.4577857794
415964.5,-653322.2159698256,64342.94130680247,-588979.2746630232
415964.60000000003,-653254.0791521517,64212.53382964867,-589041.5453225031
415964.7,-654024.4846224671,64305.70995657258,-589718.7746658945
415964.80000000005,-653716.5895450569,64195.234775834746,-589521.3547692222
415964.9,-653684.1362281542,63754.53920065328,-589929.5970275009
415965.0,-653534.6921369215,64024.38181925488,-589510.3103176666
415965.10000000003,-653596.8103025798,64311.79551102657,-589285.0147915533
415965.2,-653613.5866794597,64696.30168657492,-588917.2849928847
415965.30000000005,-653383.4546807925,64214.65010116374,-589168.8045796287
415965.4,-653763.9198234533,64412.61609045699,-589351.3037329963
415965.5,-653817.2996575754,64068.61498212144,-589748.684675454
415965.60000000003,-653564.3504619735,64189.60350594961,-589374.7469560239
415965.7,-654048.7801690088,64299.42869638452,-589749.3514726242
415965.80000000005,-653815.7190070564,64269.34171281564,-589546.3772942408
415965.9,-653879.353244701,64334.442529222724,-589544.9107154784
415966.0,-653683.4659818925,64279.78849168241,-589403.6774902102
415966.10000000003,-654265.329236703,64258.517925437925,-590006.8113112651
415966.2,-653976.6975775077,63923.621312934665,-590053.076264573
415966.30000000005,-654081.3195846964,63798.16975282241,-590283.1498318741
415966.4,-654082.5676651497,64287.7404391761,-589794.8272259736
415966.5,-653482.3758036706,64025.51017145874,-589456.8656322119
415966.60000000003,-653743.1004595163,64023.808069956955,-589719.2923895593
415966.7,-653621.4923309359,64194.317116056525,-589427.1752148793
415966.80000000005,-653586.7945241566,64167.91184225525,-589418.8826819013
415966.9,-653790.9408895178,64199.636501846515,-589591.3043876713
415967.0,-653684.1934415686,64563.956466769276,-589120.2369747993
415967.10000000003,-653498.995460347,64149.289277866,-589349.706182481
415967.2,-653706.5815997673,64546.77507358922,-589159.8065261781
415967.30000000005,-653741.9022490066,64185.61220946671,-589556.2900395398
415967.4,-653628.1293782891,63867.323801172504,-589760.8055771166
415967.5,-653615.737545715,64029.89235929445,-589585.8451864205
415967.60000000003,-654080.2537856722,64132.122655471554,-589948.1311302007
415967.7,-653789.9700537778,64111.56680662237,-589678.4032471555
415967.80000000005,-654021.2650460886,64358.59590617694,-589662.6691399117
415967.9,-653592.0839800038,64284.9305148608,-589307.153465143
415968.0,-653926.0397170605,64177.691576868034,-589748.3481401925
415968.10000000003,-653634.4780942712,64303.44091625357,-589331.0371780175
415968.2,-653591.1123751078,63949.29207582169,-589641.8202992862
415968.30000000005,-653899.5741306021,64309.14616553726,-589590.4279650648
415968.4,-653808.8614703065,63628.0403805132,-590180.8210897933
415968.5,-653718.8865695968,64232.26834187191,-589486.6182277249
415968.60000000003,-653921.3145845251,64399.36929427198,-589521.945290253
415968.7,-653577.3541472082,64039.11696708336,-589538.2371801247
415968.80000000005,-653715.2241197084,63927.10338544192,-589788.1207342665
415968.9,-653574.4913983025,64251.2516978435,-589323.239700459
415969.0,-653492.9669525374,63712.62019758356,-589780.3467549538
415969.10000000003,-653827.6427193908,64015.48924359891,-589812.1534757919
415969.2,-653662.689679624,63966.8101550319,-589695.8795245922
415969.30000000005,-653899.0555315466,64320.43372644798,-589578.6218050986
415969.4,-654114.9969747956,64138.81281649963,-589976.184158296
415969.5,-654404.4170468405,64293.92441881138,-590110.4926280292
415969.60000000003,-653675.9973787129,64417.439144532706,-589258.5582341802
415969.7,-653841.907184955,64241.02188466942,-589600.8853002855
415969.80000000005,-653656.8227019135,63887.48877849274,-589769.3339234208
415969.9,-653387.8195632801,64387.38980556202,-589000.4297577181
415970.0,-653217.6523634312,64178.691313569,-589038.9610498622
415970.10000000003,-653418.1236863402,63891.67854840166,-589526.4451379385
415970.2,-653732.4771223214,64639.70981782402,-589092.7673044973
415970.30000000005,-653369.3187257871,64211.441596097786,-589157.8771296893
415970.4,-653312.6987056566,64531.155903913525,-588781.542801743
415970.5,-653838.5323336883,64434.37602278532,-589404.156310903
415970.60000000003,-652937.3131946052,64398.17790302316,-588539.135291582
415970.7,-653289.6089834131,63997.48618805196,-589292.1227953611
415970.80000000005,-653168.8072426954,64426.051420836244,-588742.7558218591
415970.9,-653556.5323933,64311.32537408525,-589245.2070192148
415971.0,-653704.2770152881,64248.430739854804,-589455.8462754333
415971.10000000003,-653502.9751794867,64042.63681422836,-589460.3383652583
415971.2,-653619.3028629766,64311.41346964051,-589307.889393336
415971.30000000005,-653525.6493949722,64212.771405040156,-589312.8779899321
415971.4,-653220.7608137515,64639.38639777734,-588581.3744159741
415971.5,-653417.9673430142,64330.24590782179,-589087.7214351924
415971.60000000003,-653647.4247908884,64353.8565005086,-589293.5682903798
415971.7,-653087.766053267,64239.622321250325,-588848.1437320167
415971.80000000005,-653218.142255403,64863.681433468264,-588354.4608219347
415971.9,-653531.1361075061,64303.19009776623,-589227.9460097399
415972.0,-653341.2397426196,63989.54300182262,-589351.6967407969
415972.10000000003,-653535.6015601333,64173.88096471796,-589361.7205954153
415972.2,-653172.0364613936,64169.88302503209,-589002.1534363615
415972.30000000005,-653356.0615728057,63764.62179497371,-589591.439777832
415972.4,-653220.997191814,64368.50515134286,-588852.4920404712
415972.5,-653286.6706222338,63916.23947160049,-589370.4311506333
415972.60000000003,-652922.7821175558,63791.58970266219,-589131.1924148937
415972.7,-653201.5225704941,64237.538279847795,-588963.9842906463
415972.80000000005,-653353.2234798542,64365.244345222214,-588987.9791346319
415972.9,-653410.5893858057,64051.95877966935,-589358.6306061363
415973.0,-653357.2272057105,64166.07810345493,-589191.1491022556
415973.10000000003,-653677.9492759891,64284.71460149372,-589393.2346744954
415973.2,-653606.4744669272,64569.3945895626,-589037.0798773647
415973.30000000005,-653351.1215782207,64260.1965428759,-589090.9250353449
415973.4,-653169.823606547,64557.63968437334,-588612.1839221737
415973.5,-653088.0892175458,64209.25928846265,-588878.8299290831
415973.60000000003,-653487.1220121897,64188.22533791371,-589298.896674276
415973.7,-653302.4398275753,64268.17879468414,-589034.2610328912
415973.80000000005,-653543.3461217082,64367.38431575306,-589175.9618059552
415973.9,-653807.9943175332,64254.67433427465,-589553.3199832586
415974.0,-653688.5729599526,64392.01534053737,-589296.5576194152
415974.10000000003,-653835.388154428,64174.08787680242,-589661.3002776256
415974.2,-653808.9123748866,64858.9106627335,-588950.0017121531
415974.30000000005,-653538.5208311314,63771.777023413546,-589766.7438077178
415974.4,-653982.8953149772,64550.686977605,-589432.2083373722
415974.5,-653759.5626550057,64300.32247255791,-589459.2401824478
415974.60000000003,-653436.1615399846,64247.40576772686,-589188.7557722578
415974.7,-653753.6282510805,64040.171335462284,-589713.4569156183
415974.80000000005,-653932.4983486689,64286.34874596822,-589646.1496027007
415974.9,-653913.6595276005,64178.951481747936,-589734.7080458526
415975.0,-653416.0505234257,64132.87614695581,-589283.1743764699
415975.10000000003,-653513.8382163594,64067.2071945122,-589446.6310218471
415975.2,-653806.6430668738,64120.871529861724,-589685.7715370121
415975.30000000005,-653519.2012449119,64199.70857772599,-589319.4926671858
415975.4,-653781.2198649228,64053.51588902515,-589727.7039758976
415975.5,-653416.4281608085,64250.30026632984,-589166.1278944786
415975.60000000003,-653855.5756774155,64271.506624229325,-589584.0690531861
415975.7,-653597.5419593309,64237.1623963265,-589360.3795630044
415975.80000000005,-653129.1133732225,63972.424739807786,-589156.6886334147
415975.9,-653422.9885827494,64318.39256244415,-589104.5960203053
415976.0,-653526.8372443523,63626.8709443815,-589899.9662999709
415976.10000000003,-653233.5672286979,64292.06069402535,-588941.5065346726
415976.2,-653970.6822287022,64256.09386298328,-589714.588365719
415976.30000000005,-654161.3068804363,64449.202889283755,-589712.1039911525
415976.4,-654106.7116097793,64187.675440713814,-589919.0361690655
415976.5,-653813.4153151078,64382.26928391846,-589431.1460311894
415976.60000000003,-653522.9377003,63539.08265594496,-589983.855044355
415976.7,-653572.1356029392,64462.7497292085,-589109.3858737306
415976.80000000005,-653599.459366801,64450.86531342287,-589148.5940533781
415976.9,-653809.7918703244,64323.12377351531,-589486.6680968091
415977.0,-653738.4104243354,64227.79125519303,-589510.6191691423
415977.10000000003,-653833.484670238,64129.717932893094,-589703.7667373449
415977.2,-653948.693479214,64327.54040362991,-589621.1530755841
415977.30000000005,-654106.5635838436,64468.576486013866,-589637.9870978298
415977.4,-653436.2563478266,63982.23538009226,-589454.0209677343
415977.5,-653649.6629825383,64201.145462110304,-589448.517520428
415977.60000000003,-653717.3609728232,64303.08360434568,-589414.2773684775
415977.7,-654104.66626208,63963.270212871095,-590141.3960492088
415977.80000000005,-653512.7921339644,64392.39660837283,-589120.3955255916
415977.9,-653830.573747932,64146.685397717345,-589683.8883502146
415978.0,-653374.0986839571,64140.21389956564,-589233.8847843915
415978.10000000003,-653832.0285815184,64449.976810747554,-589382.0517707709
415978.2,-653760.9164664268,63896.62975548289,-589864.2867109439
415978.30000000005,-653873.3057250084,64186.08850937418,-589687.2172156342
415978.4,-653402.9595587121,64443.18937234767,-588959.7701863644
415978.5,-653319.0946747328,63962.35571118451,-589356.7389635482
415978.60000000003,-653751.9864403162,64430.5550224128,-589321.4314179034
415978.7,-653702.1060119786,64275.893386440366,-589426.2126255382
415978.80000000005,-653696.5907551857,63842.51711111555,-589854.0736440702
415978.9,-653805.5390376128,64724.12543859945,-589081.4135990134
415979.0,-653845.8138601098,63896.8085755328,-589949.005284577
415979.10000000003,-653798.5539078575,64039.74790777321,-589758.8060000843
415979.2,-653878.2752964126,64302.188788716696,-589576.086507696
415979.30000000005,-654023.1620478058,63837.84306237905,-590185.3189854268
415979.4,-653803.8269794886,64049.9189206642,-589753.9080588244
415979.5,-653682.7552106907,64071.03552997768,-589611.719680713
415979.60000000003,-653611.2733578976,64088.67548109556,-589522.5978768021
415979.7,-653739.5485389854,64207.26460912418,-589532.2839298613
415979.80000000005,-653691.4987566513,64047.99756445369,-589643.5011921977
415979.9,-653508.6087810588,64421.70964731152,-589086.8991337473
415980.0,-653457.349290563,64339.796616601685,-589117.5526739614
415980.10000000003,-653491.811340065,64597.09389867787,-588894.7174413871
415980.2,-653568.9626172832,64566.46055771664,-589002.5020595666
415980.30000000005,-653971.7386195343,63993.127899219646,-589978.6107203147
415980.4,-653926.7959477226,64416.5864286649,-589510.2095190578
415980.5,-654234.4692847033,64847.953864501804,-589386.5154202015
415980.60000000003,-654163.0636468912,64124.3567985969,-590038.7068482942
415980.7,-653953.0227526897,63938.30542635584,-590014.7173263339
415980.80000000005,-653749.7200996368,64189.08891296903,-589560.6311866678
415980.9,-654052.1165208104,63793.98037890248,-590258.1361419079
415981.0,-653728.4759378287,64120.79043736089,-589607.6855004678
415981.10000000003,-653718.4667511319,64334.80291146425,-589383.6638396677
415981.2,-654262.8351890044,64004.58392016231,-590258.2512688421
415981.30000000005,-653530.4326602484,64041.35025481352,-589489.0824054348
415981.4,-653983.8767825528,63876.395013573536,-590107.4817689792
415981.5,-653779.3745626544,64549.135158643,-589230.2394040114
415981.60000000003,-653908.5318437096,63806.07381332606,-590102.4580303836
415981.7,-654328.7929303698,63872.97591314106,-590455.8170172288
415981.80000000005,-654202.3336129822,63897.2128621475,-590305.1207508347
415981.9,-653623.3355048341,64227.36240385979,-589395.9731009742
415982.0,-654275.6990318107,64179.4316061579,-590096.2674256528
415982.10000000003,-653641.7384999339,64435.3228665598,-589206.415633374
415982.2,-653830.6490327267,64444.23414848572,-589386.414884241
415982.30000000005,-653585.1134352135,64023.03188371741,-589562.081551496
415982.4,-653823.7000796602,64519.98553601463,-589303.7145436455
415982.5,-654075.2094794407,64030.064030027825,-590045.1454494129
415982.60000000003,-653427.5893865759,64448.40757128351,-588979.1818152923
415982.7,-653977.1389100978,64319.63974610432,-589657.4991639934
415982.80000000005,-653892.1563337045,64336.73402348182,-589555.4223102226
415982.9,-653771.825627892,64443.470754468304,-589328.3548734237
415983.0,-653661.8394009497,64128.59956669438,-589533.2398342553
415983.10000000003,-653728.1086805542,64555.40974379578,-589172.6989367584
415983.2,-653949.3687258554,64679.545098053844,-589269.8236278015
415983.30000000005,-653904.0223170079,64537.759176286694,-589366.2631407212
415983.4,-653658.1218636008,64054.83121084413,-589603.2906527567
415983.5,-653321.0372869711,63900.02316767227,-589421.0141192989
415983.60000000003,-653824.0059391076,64296.11545249399,-589527.8904866136
415983.7,-653630.491158477,63829.81647230279,-589800.6746861743
415983.80000000005,-653616.9971423347,64261.250973414586,-589355.7461689201
415983.9,-653741.8401961152,64394.402398721,-589347.4377973942
415984.0,-653717.5755087708,64262.012070287514,-589455.5634384833
415984.10000000003,-653806.379629857,64067.62052947619,-589738.7591003808
415984.2,-653289.0072633019,64244.19439551855,-589044.8128677834
415984.30000000005,-653693.8480623709,64190.85488851408,-589502.9931738569
415984.4,-653311.8300169061,64039.13185362889,-589272.6981632772
415984.5,-653532.8359804057,64413.25055066182,-589119.5854297439
415984.60000000003,-654043.2375785845,64032.30553352531,-590010.9320450592
415984.7,-653751.5604664484,64153.61610565582,-589597.9443607926
415984.80000000005,-653629.1607280865,64188.21940532411,-589440.9413227624
415984.9,-653672.7121054017,64152.16155151135,-589520.5505538903
415985.0,-654058.4090603266,64451.533344085314,-589606.8757162413
415985.10000000003,-654124.492095694,63879.56395901695,-590244.928136677
415985.2,-654212.9251819763,64243.659247741554,-589969.2659342347
415985.30000000005,-653978.154706857,64028.478476616976,-589949.67623024
415985.4,-653905.9946807321,63850.47099421236,-590055.5236865198
415985.5,-654126.8710589767,64269.50423903765,-589857.3668199391
415985.60000000003,-654041.4715182032,64263.910728088755,-589777.5607901143
415985.7,-653997.7690825057,64553.33131292106,-589444.4377695847
415985.80000000005,-653853.8686865431,64037.12392045227,-589816.7447660908
415985.9,-653623.257424518,64032.42242133208,-589590.8350031859
415986.0,-653883.4246265588,64187.583859235936,-589695.8407673228
415986.10000000003,-653414.4055789008,63676.827916842085,-589737.5776620588
415986.2,-653684.738357598,64027.10880591595,-589657.629551682
415986.30000000005,-653956.003834656,63996.832430332295,-589959.1714043237
415986.4,-653849.251272395,64419.83662602371,-589429.4146463713
415986.5,-653612.0971196045,63939.84047658024,-589672.2566430243
415986.60000000003,-653462.8789335922,64258.24465487941,-589204.6342787128
415986.7,-653742.3626929388,63949.104622315266,-589793.2580706235
415986.80000000005,-654081.3748189599,64188.863920043455,-589892.5108989164
415986.9,-654125.098921766,64109.97314606509,-590015.1257757009
415987.0,-654471.2658433776,64190.93140052087,-590280.3344428567
415987.10000000003,-653975.3222890133,64268.4164061911,-589706.9058828222
415987.2,-654237.8343579086,64428.790351495794,-589809.0440064127
415987.30000000005,-654097.550790488,64212.07355208163,-589885.4772384064
415987.4,-654226.0340937574,64447.87935772232,-589778.154736035
415987.5,-654317.9176966329,63773.58431442229,-590544.3333822106
415987.60000000003,-654346.4212204441,64256.057148780426,-590090.3640716637
415987.7,-653895.3880860554,64476.93247220792,-589418.4556138475
415987.80000000005,-654063.4998297855,64040.066495946485,-590023.433333839
415987.9,-654292.1427063375,64232.67469673496,-590059.4680096025
415988.0,-654224.3605218332,64536.58986934783,-589687.7706524853
415988.10000000003,-653839.8156908227,63822.19948800672,-590017.6162028159
415988.2,-653681.4510668808,63977.022698176064,-589704.4283687047
415988.30000000005,-654153.3481602746,64167.90416962786,-589985.4439906467
415988.4,-654145.7525413269,64131.61386895666,-590014.1386723702
415988.5,-653963.6405536537,64521.93141332467,-589441.709140329
415988.60000000003,-654326.0536947518,63772.00018408339,-590554.0535106685
415988.7,-654410.9274205395,64047.74570846,-590363.1817120796
415988.80000000005,-654338.5920958205,64261.20328278224,-590077.3888130382
415988.9,-653929.2164379177,64190.70182406329,-589738.5146138543
415989.0,-654317.27675995,64527.331717051944,-589789.9450428981
415989.10000000003,-654425.607621866,64661.42061275136,-589764.1870091147
415989.2,-654226.7189582742,64229.40986680053,-589997.3090914737
415989.30000000005,-653834.3276965696,64172.15834729372,-589662.1693492759
415989.4,-654112.0702867953,64601.27639667518,-589510.7938901201
415989.5,-654204.0158015912,64070.50840354889,-590133.5073980424
415989.60000000003,-654114.2575830274,64135.665419484896,-589978.5921635425
415989.7,-653998.229411631,64279.284238699416,-589718.9451729315
415989.80000000005,-653954.6630814283,64290.2809792337,-589664.3821021946
415989.9,-654136.2164743664,64249.229558873914,-589886.9869154925
415990.0,-653929.6283389708,64200.91358448351,-589728.7147544873
415990.10000000003,-653846.1495543283,64326.22914475032,-589519.920409578
415990.2,-654097.0362077523,63987.09107563721,-590109.945132115
415990.30000000005,-654070.1403253643,64431.99194590022,-589638.148379464
415990.4,-653897.0159150547,64118.336522987374,-589778.6793920674
415990.5,-653705.1368989272,64196.24057252746,-589508.8963263996
415990.60000000003,-654268.1439166392,64475.50391497078,-589792.6400016684
415990.7,-653996.3445004821,64152.63369748053,-589843.7108030015
415990.80000000005,-654053.7466476118,64522.55923295567,-589531.1874146562
415990.9,-654117.925962781,64032.637322747854,-590085.2886400331
415991.0,-653650.0440113925,64331.65851667852,-589318.385494714
415991.10000000003,-653859.927569703,64053.158595199784,-589806.7689745032
415991.2,-653527.8867772981,64457.10323130037,-589070.7835459977
415991.30000000005,-654080.513193287,64681.30373498129,-589399.2094583056
415991.4,-654074.6475452821,64337.95629721473,-589736.6912480674
415991.5,-654349.1715098193,64557.448673167186,-589791.7228366522
415991.60000000003,-653970.7689971072,63938.89673611928,-590031.8722609879
415991.7,-654073.8160079885,64273.53697937705,-589800.2790286115
415991.80000000005,-653926.9812921265,63942.51209737484,-589984.4691947516
415991.9,-654179.5321883777,64081.37368357879,-590098.1585047989
415992.0,-653966.4732924362,64078.554483673586,-589887.9188087627
415992.10000000003,-654002.7009511932,64033.3675021411,-589969.3334490522
415992.2,-653842.171436603,64173.978311384744,-589668.1931252182
415992.30000000005,-653741.9923008648,64515.11582006788,-589226.8764807968
415992.4,-654021.0066530635,64186.926598193524,-589834.08005487
415992.5,-653792.3648080707,63699.2145544124,-590093.1502536583
415992.60000000003,-653821.2078382226,64076.81500937033,-589744.3928288523
415992.7,-653687.9828081782,64049.74429359783,-589638.2385145803
415992.80000000005,-653527.5699550742,64287.85178174879,-589239.7181733254
415992.9,-653508.4676222719,63791.76798387316,-589716.6996383987
415993.0,-653429.9919725304,63869.33053258869,-589560.6614399417
415993.10000000003,-653125.8578368087,63749.31210204436,-589376.5457347643
415993.2,-653457.5020596695,64190.97793799562,-589266.5241216739
415993.30000000005,-653646.2134949721,63931.82341310452,-589714.3900818676
415993.4,-653787.8068084862,64256.26571965719,-589531.541088829
415993.5,-653331.7989788034,64958.98318109635,-588372.8157977071
415993.60000000003,-653793.0344368548,64437.76828388678,-589355.2661529679
415993.7,-654104.6631483093,64388.27808858041,-589716.385059729
415993.80000000005,-653623.7062394319,64037.66042732586,-589586.045812106
415993.9,-653413.6657056772,64081.72891660565,-589331.9367890715
415994.0,-653400.0868400652,64334.8207342665,-589065.2661057987
415994.10000000003,-653715.7954849547,64833.939708756356,-588881.8557761983
415994.2,-653742.915484162,64013.440215558454,-589729.4752686035
415994.30000000005,-653203.8604911447,64421.941443238706,-588781.919047906
415994.4,-653356.2201842649,63835.80518042849,-589520.4150038364
415994.5,-653248.6134411203,63849.51413540667,-589399.0993057135
415994.60000000003,-654280.1274311766,64498.859207080925,-589781.2682240957
415994.7,-653753.6269674283,64224.055949107424,-589529.5710183209
415994.80000000005,-654015.4555640443,64380.07229495211,-589635.3832690922
415994.9,-653903.0747822705,64118.35367626731,-589784.7211060032
415995.0,-653727.0279889976,64468.58596274021,-589258.4420262574
415995.10000000003,-653559.5254064092,64364.18047476468,-589195.3449316445
415995.2,-653898.7180046014,64501.973059563294,-589396.7449450381
415995.30000000005,-653719.0969152006,63913.05288909197,-589806.0440261086
415995.4,-653813.7422025497,64135.13877902375,-589678.6034235259
415995.5,-653661.5788940022,64202.87954257232,-589458.6993514299
415995.60000000003,-653702.0341899856,63890.79403895537,-589811.2401510302
415995.7,-654033.4953522005,64042.19423702803,-589991.3011151724
415995.80000000005,-653847.953400394,63696.30814852836,-590151.6452518656
415995.9,-653911.7767146917,64653.303329778195,-589258.4733849135
415996.0,-653708.5465306726,64521.29312759604,-589187.2534030766
415996.10000000003,-654042.0086919778,64028.29484953648,-590013.7138424413
415996.2,-653537.6630495054,64694.162773561635,-588843.5002759438
415996.30000000005,-653717.2719672258,64144.3997100233,-589572.8722572025
415996.4,-653106.3082932916,63755.00183692646,-589351.3064563652
415996.5,-653524.1133468067,64173.80937533727,-589350.3039714694
415996.60000000003,-653921.6468294051,64524.248627270696,-589397.3982021344
415996.7,-654044.3479799937,64026.469063492346,-590017.8789165013
415996.80000000005,-654147.1826093264,64204.72260163575,-589942.4600076907
415996.9,-653992.3413846286,64452.82659136226,-589539.5147932663
415997.0,-653845.1592197914,63794.598070661945,-590050.5611491294
415997.10000000003,-653707.9257706228,64141.1694808614,-589566.7562897614
415997.2,-653731.0514925884,64597.44050404099,-589133.6109885473
415997.30000000005,-653464.0373886061,64383.6413964656,-589080.3959921405
415997.4,-653608.666337987,64122.99847959656,-589485.6678583904
415997.5,-653706.8368828766,64026.45001290123,-589680.3868699754
415997.60000000003,-654068.6080996685,64257.288330791365,-589811.3197688771
415997.7,-653693.4181821358,64059.27458979549,-589634.1435923403
415997.80000000005,-653917.0542415888,64306.94652562952,-589610.1077159593
415997.9,-653984.6233014762,64162.052553336216,-589822.57074814
415998.0,-654159.7645506171,64087.37271544298,-590072.391835174
415998.10000000003,-653916.1970659775,63708.891673331855,-590207.3053926456
415998.2,-654176.2312806387,64136.60137813995,-590039.6299024988
415998.30000000005,-654211.5044883206,64315.073960400696,-589896.4305279199
415998.4,-654330.7089532362,64010.978204758474,-590319.7307484777
415998.5,-654190.0228269954,64403.035907193174,-589786.9869198021
415998.60000000003,-654287.8330576774,64030.77306813643,-590257.059989541
415998.7,-653872.835439678,64107.38471252128,-589765.4507271568
415998.80000000005,-653942.540795249,64006.72054712672,-589935.8202481223
415998.9,-654065.971377187,63914.03871969078,-590151.9326574962
415999.0,-654289.2581597236,63845.11923541709,-590444.1389243065
415999.10000000003,-654060.7284250932,64402.89397352486,-589657.8344515683
415999.2,-654354.1109572069,64388.58138103402,-589965.5295761729
415999.30000000005,-654307.521249474,63935.51178002503,-590372.009469449
415999.4,-653993.5222933177,64064.9031155986,-589928.6191777191
415999.5,-653538.9904617609,64035.48620036998,-589503.5042613909
415999.60000000003,-653620.7752673256,64215.35958254288,-589405.4156847827
415999.7,-653834.9283276711,64233.70319907905,-589601.2251285921
415999.80000000005,-653600.1430935311,64296.70576887457,-589303.4373246565
415999.9,-653667.3168306455,64041.81878803414,-589625.4980426114
416000.0,-653903.0623011617,64143.64625352538,-589759.4160476363
416100.0,-653256.3811035089,64430.80029426668,-588825.5808092422
416200.0,-654134.9529392776,64419.333606443695,-589715.6193328339
416300.0,-654666.4410136091,64427.3828727268,-590239.0581408823
416400.0,-654132.1026681865,64018.723122316514,-590113.37954587
416500.0,-653742.4169642649,64189.603739265614,-589552.8132249994
416600.0,-654476.7001624312,64505.581869086294,-589971.118293345
416700.0,-653481.1545723324,64366.828108118454,-589114.3264642139
416800.0,-654412.5241067023,64268.44002811724,-590144.084078585
416900.0,-653781.5866515945,64044.56062492348,-589737.026026671
417000.0,-653992.7238196956,64251.92963167945,-589740.7941880162
417100.0,-654512.9664360287,64173.26247529413,-590339.7039607345
417200.0,-654410.7962336282,63923.481865539434,-590487.3143680887
417300.0,-654610.8744876487,64116.53015724626,-590494.3443304024
417400.0,-654842.5272459097,64096.22829063846,-590746.2989552713
417500.0,-654568.1634924461,63820.95852930934,-590747.2049631367
417600.0,-654475.7040201714,64126.07824762612,-590349.6257725453
417700.0,-654535.8043513664,64006.294246781814,-590529.5101045845
417800.0,-654773.2401332539,64381.62356131172,-590391.6165719421
417900.0,-654551.7309397855,64229.4682240838,-590322.2627157017
418000.0,-655267.76763947,63783.98272025407,-591483.784919216
418100.0,-654877.02212353,64312.96076366701,-590564.061359863
418200.0,-655124.1233669609,64164.328415950375,-590959.7949510105
418300.0,-654886.1797594299,63955.11126352569,-590931.0684959042
418400.0,-655226.9503872448,64206.30249690304,-591020.6478903418
418500.0,-654924.4282366431,64501.15161073144,-590423.2766259117
418600.0,-654709.8531036283,64349.043759014836,-590360.8093446135
418700.0,-655328.9845842689,63958.45883053657,-591370.5257537323
418800.0,-654865.0274794222,63953.422575647375,-590911.6049037748
418900.0,-654679.7071700478,64303.78453280608,-590375.9226372417
419000.0,-654656.9606557268,64077.70958734621,-590579.2510683807
419100.0,-655021.4327472425,64413.33484332901,-590608.0979039135
419200.0,-655738.4233969992,64292.606586450354,-591445.8168105489
419300.0,-654259.346312332,64208.70325726569,-590050.6430550662
419400.0,-654928.080579827,63906.269165960446,-591021.8114138665
